market_id,city,state_name,state_code,latitude,longitude,year,population,home_value,population_growth_1yr_pct,population_growth_5yr_pct,home_value_growth_1yr_pct,home_value_cagr_3yr_pct,home_value_cagr_5yr_pct,permitted_units,permits_per_1000_population,permit_growth_1yr_pct,homes_sold,homes_sold_growth_1yr_pct,avg_inventory,inventory_growth_1yr_pct,avg_months_of_supply,avg_sale_to_list_pct,activity_months,growth_score,demand_score,supply_score,baseline_score,growth_heavy_score,demand_heavy_score,supply_light_score,avg_scenario_score,baseline_rank,growth_heavy_rank,demand_heavy_rank,supply_light_rank,avg_rank,rank_range,rank_stddev,national_baseline_rank,national_robust_rank,state_baseline_rank,state_robust_rank,created_at
US-4874492,University Park,Texas,TX,,,2025,25323,2378731.85,-0.3,0.28,5.57,7.71,12.39,52,2.05,-20.0,739.0,30.57,68.67,4.04,3.52,96.97,12,66.99,56.6,62.54,62.24,63.21,60.61,61.87,61.98,387,415,595,501,474.5,208,81.27,387,416,3,1,2026-09-19 22:18:21.483951+00:00
US-4838896,Kennedale,Texas,TX,,,2025,10626,386276.51,-1.13,24.97,-2.05,-1.2,5.35,8,0.75,0.0,258.0,23.44,27.83,10.96,4.11,98.3,12,61.34,58.99,68.83,62.39,61.76,61.17,61.03,61.59,381,504,555,563,500.75,182,72.75,381,441,2,2,2026-09-19 22:18:21.483951+00:00
US-4837216,Jacksonville,Texas,TX,,,2025,14658,218646.74,-0.03,4.51,-7.46,1.73,6.85,30,2.05,233.33,299.0,9.93,48.08,5.87,6.04,99.61,12,66.64,55.76,61.3,61.5,62.58,59.86,61.21,61.29,427,452,654,544,519.25,227,89.17,427,465,4,3,2026-09-19 22:18:21.483951+00:00
US-4861892,Richmond,Texas,TX,,,2025,13389,383850.94,0.83,15.18,-2.44,-0.67,6.27,11,0.82,-88.78,477.0,17.2,58.75,-10.31,4.74,94.68,12,69.41,42.44,79.7,62.54,62.86,56.12,58.3,59.96,375,435,943,795,637.0,568,238.77,375,594,1,4,2026-09-19 22:18:21.483951+00:00
US-4830644,Grapevine,Texas,TX,,,2025,50714,550315.46,-1.17,-0.11,-0.99,2.13,7.21,40,0.79,33.33,1477.0,13.01,109.08,16.46,2.75,98.06,12,53.86,63.45,63.54,59.63,58.19,60.58,59.14,59.39,541,794,598,725,664.5,253,100.13,541,620,5,5,2026-09-19 22:18:21.483951+00:00
US-4847700,Mercedes,Texas,TX,,,2025,17915,142655.37,2.43,10.13,-4.23,4.04,7.7,279,15.57,4.1,211.0,34.39,64.58,-0.9,11.78,96.18,12,83.55,43.12,37.59,57.91,64.52,54.42,60.76,59.4,687,325,1085,579,669.0,760,273.78,687,629,8,6,2026-09-19 22:18:21.483951+00:00
US-4873710,Trophy Club,Texas,TX,,,2025,13695,701029.52,-0.4,-0.5,-3.06,0.87,7.63,29,2.12,38.1,712.0,18.86,53.25,17.9,2.85,98.03,12,56.08,65.08,50.7,57.88,57.97,60.22,59.59,58.92,690,819,624,678,702.75,195,71.57,690,670,9,7,2026-09-19 22:18:21.483951+00:00
US-4874144,Tyler,Texas,TX,,,2025,113723,251877.07,1.04,7.1,-0.86,1.66,6.4,270,2.37,-22.19,3652.0,6.91,531.83,15.3,5.44,99.7,12,65.52,54.35,50.94,57.97,59.98,57.19,59.04,58.54,683,631,843,734,722.75,212,78.4,683,692,7,8,2026-09-19 22:18:21.483951+00:00
US-4865516,San Juan,Texas,TX,,,2025,37868,182518.62,1.53,7.07,-1.72,2.35,7.52,303,8.0,-16.53,680.0,22.3,181.83,47.83,10.01,98.72,12,78.62,54.1,14.3,53.96,61.62,55.49,61.16,58.05,1038,516,1001,551,776.5,522,243.67,1038,748,20,9,2026-09-19 22:18:21.483951+00:00
US-4812532,Canyon,Texas,TX,,,2025,16518,295537.03,0.77,10.7,0.94,2.29,5.84,84,5.09,121.05,615.0,4.95,57.58,6.14,3.78,99.43,12,62.22,56.96,46.66,56.49,58.31,56.99,58.3,57.52,798,783,856,797,808.5,73,28.06,798,777,11,10,2026-09-19 22:18:21.483951+00:00
US-4868636,Socorro,Texas,TX,,,2025,38787,208557.99,0.12,12.01,1.98,3.78,8.04,72,1.86,-36.84,853.0,-14.96,109.75,7.33,4.78,98.9,12,86.99,24.91,61.45,58.88,64.53,49.01,56.5,57.23,606,323,1575,936,860.0,1252,466.34,606,830,6,11,2026-09-19 22:18:21.483951+00:00
US-4815988,Colleyville,Texas,TX,,,2025,25727,910065.22,-0.94,-1.24,0.87,3.06,8.79,22,0.86,-45.0,1104.0,8.45,97.08,19.24,3.21,97.39,12,59.29,52.59,60.5,57.25,57.46,55.79,56.4,56.72,738,864,978,943,880.75,240,92.18,738,850,10,12,2026-09-19 22:18:21.483951+00:00
US-4877272,Weslaco,Texas,TX,,,2025,44203,180181.96,0.83,8.81,-1.51,3.35,7.93,649,14.68,61.85,886.0,9.38,212.5,11.01,9.02,97.32,12,83.58,39.69,29.56,54.71,62.31,51.34,58.43,56.7,962,468,1375,783,897.0,907,327.78,962,864,16,13,2026-09-19 22:18:21.483951+00:00
US-4801000,Abilene,Texas,TX,,,2025,131588,209253.73,1.12,5.11,2.55,2.08,5.46,1020,7.75,112.06,5722.0,23.05,469.42,-13.58,3.17,97.86,12,50.96,62.6,51.03,55.05,54.46,57.37,56.21,55.77,934,1137,827,958,964.0,310,111.39,934,929,15,14,2026-09-19 22:18:21.483951+00:00
US-4834832,Horizon City,Texas,TX,,,2025,25118,220745.67,1.23,11.06,0.12,3.36,8.17,159,6.33,-5.36,935.0,-6.69,133.0,17.18,5.26,99.34,12,87.33,32.04,34.07,54.66,62.75,48.93,57.12,55.87,968,439,1578,891,969.0,1139,405.54,968,935,17,15,2026-09-19 22:18:21.483951+00:00
US-4826232,Flower Mound,Texas,TX,,,2025,79540,610411.97,-0.53,4.02,-2.49,0.57,7.14,115,1.45,61.97,2708.0,-1.88,229.08,19.63,3.12,98.28,12,68.97,42.2,54.46,55.97,58.76,52.07,55.47,55.57,848,740,1302,1016,976.5,562,212.11,848,939,12,16,2026-09-19 22:18:21.483951+00:00
US-4816696,Corinth,Texas,TX,,,2025,25297,415762.16,3.62,11.21,-4.27,-1.65,5.79,90,3.56,-77.61,1329.0,33.97,133.42,61.55,3.82,98.04,12,61.98,59.12,24.82,51.69,55.55,54.83,56.98,54.76,1302,1038,1051,900,1072.75,402,144.98,1302,1034,29,17,2026-09-19 22:18:21.483951+00:00
US-4832984,Heath,Texas,TX,,,2025,11671,716716.78,1.73,19.78,-0.91,0.22,7.43,148,12.68,49.49,624.0,12.23,162.25,41.19,9.67,96.62,12,85.15,39.79,10.89,50.71,60.4,49.06,57.31,54.37,1405,597,1568,878,1112.0,971,391.72,1405,1087,36,18,2026-09-19 22:18:21.483951+00:00
US-4833560,Hidalgo,Texas,TX,,,2025,15376,192775.47,1.66,9.81,-0.44,2.57,7.03,131,8.52,-10.27,241.0,10.05,55.33,28.68,8.91,98.16,12,76.42,44.23,21.63,51.46,58.54,50.5,56.45,54.24,1329,756,1459,939,1120.75,703,284.54,1329,1098,30,19,2026-09-19 22:18:21.483951+00:00
US-4833848,Highland Village,Texas,TX,,,2025,16029,589054.18,-0.77,0.49,-2.93,0.43,6.67,1,0.06,-66.67,589.0,1.03,47.0,26.46,2.92,98.71,12,50.0,51.64,68.54,55.21,53.27,53.68,52.59,53.69,917,1253,1153,1274,1149.25,357,141.67,917,1131,13,20,2026-09-19 22:18:21.483951+00:00
US-4846452,Mansfield,Texas,TX,,,2025,84444,446072.67,4.72,16.02,-2.21,-1.17,5.59,675,7.99,-61.01,3599.0,14.91,423.75,10.78,4.31,97.67,12,62.07,51.62,36.48,52.01,55.09,52.48,54.8,53.6,1272,1084,1261,1067,1171.0,205,95.77,1272,1158,27,21,2026-09-19 22:18:21.483951+00:00
US-4873316,Tomball,Texas,TX,,,2025,15768,363167.24,4.27,28.1,-0.87,-0.53,5.81,309,19.6,-10.43,851.0,12.12,97.58,10.79,4.19,97.36,12,66.4,49.45,28.83,51.07,55.68,51.44,55.01,53.3,1373,1027,1364,1054,1204.5,346,164.31,1373,1192,34,22,2026-09-19 22:18:21.483951+00:00
US-4859696,Prosper,Texas,TX,,,2025,45605,792319.84,2.46,47.93,-4.45,-0.64,8.86,261,5.72,-44.7,2192.0,-2.19,351.58,32.3,5.99,95.99,12,94.63,20.63,25.25,51.39,62.02,43.52,54.39,52.83,1336,485,2049,1112,1245.5,1564,559.01,1336,1225,31,23,2026-09-19 22:18:21.483951+00:00
US-4811428,Burleson,Texas,TX,,,2025,56907,340121.35,0.7,18.55,-2.62,-1.52,5.75,163,2.86,-21.63,2186.0,-0.86,240.92,-3.21,4.08,98.23,12,64.41,37.14,61.4,54.11,55.77,48.96,51.83,52.67,1020,1016,1577,1373,1246.5,561,239.62,1020,1226,19,24,2026-09-19 22:18:21.483951+00:00
US-4827684,Frisco,Texas,TX,,,2025,236955,662448.02,0.76,16.87,-4.73,-0.41,8.11,5652,23.85,324.01,6741.0,0.96,888.83,40.77,4.79,97.27,12,89.54,32.32,8.92,49.35,60.28,45.97,55.72,52.83,1541,606,1847,992,1246.5,1241,480.19,1541,1227,45,25,2026-09-19 22:18:21.483951+00:00
US-4876864,Weatherford,Texas,TX,,,2025,40634,397252.74,2.78,30.4,-0.01,-0.5,5.54,99,2.44,-41.76,1656.0,2.48,199.33,-0.33,4.41,97.65,12,63.27,37.85,62.45,54.17,55.52,49.16,51.75,52.65,1012,1042,1560,1383,1249.25,548,231.14,1012,1233,18,26,2026-09-19 22:18:21.483951+00:00
US-4825168,Fair Oaks Ranch,Texas,TX,,,2025,12025,702395.66,2.15,20.99,0.69,0.74,6.66,26,2.16,-72.04,540.0,-7.85,62.33,-8.89,4.26,97.23,12,76.37,22.15,67.5,55.17,58.77,45.22,51.08,52.56,921,735,1914,1436,1251.5,1179,460.69,921,1234,14,27,2026-09-19 22:18:21.483951+00:00
US-4872530,The Colony,Texas,TX,,,2025,46196,408325.93,0.48,3.18,-5.18,-0.6,6.24,46,1.0,-82.03,1615.0,5.9,171.58,18.81,3.85,97.92,12,55.16,47.4,59.52,53.54,53.49,51.55,52.11,52.67,1086,1231,1354,1342,1253.25,268,107.81,1086,1237,21,28,2026-09-19 22:18:21.483951+00:00
US-4845744,McKinney,Texas,TX,,,2025,236001,491666.12,3.74,19.49,-6.31,-1.97,6.84,3040,12.88,-22.25,8261.0,4.7,989.25,38.53,4.38,97.76,12,78.42,42.28,11.92,49.14,57.6,48.57,55.51,52.71,1568,854,1624,1011,1264.25,770,336.94,1568,1248,50,29,2026-09-19 22:18:21.483951+00:00
US-4866428,Seagoville,Texas,TX,,,2025,21077,272939.84,4.71,13.62,-4.32,-2.19,5.73,280,13.28,-26.51,981.0,55.96,107.33,42.32,4.07,98.25,12,62.58,58.87,10.13,48.17,53.6,52.68,55.67,52.53,1666,1221,1235,996,1279.5,670,242.46,1666,1268,54,30,2026-09-19 22:18:21.483951+00:00
US-4858940,Port Neches,Texas,TX,,,2025,13768,235393.63,0.12,0.64,2.93,1.85,3.35,45,3.27,36.36,594.0,52.31,38.5,-10.64,2.51,99.19,12,24.87,77.16,61.82,52.41,46.1,59.17,52.1,52.45,1224,1872,702,1343,1285.25,1170,415.8,1224,1277,24,31,2026-09-19 22:18:21.483951+00:00
US-4829840,Glenn Heights,Texas,TX,,,2025,20327,333192.25,2.91,26.31,-2.91,-1.84,5.76,108,5.31,-54.43,658.0,2.17,81.58,6.64,4.64,98.45,12,65.71,40.94,45.62,52.02,55.27,49.08,52.56,52.23,1269,1061,1567,1278,1293.75,506,180.07,1269,1283,26,32,2026-09-19 22:18:21.483951+00:00
US-4809160,Boerne,Texas,TX,,,2025,24047,562054.49,5.78,32.97,-0.57,-0.91,5.1,351,14.6,-37.32,1105.0,24.44,145.58,10.01,4.94,98.0,12,59.36,53.51,30.69,50.15,53.31,51.85,53.86,52.29,1467,1251,1322,1157,1299.25,310,113.16,1467,1289,39,33,2026-09-19 22:18:21.483951+00:00
US-4815364,Cleburne,Texas,TX,,,2025,39942,275781.94,4.18,26.99,-3.98,-1.32,5.32,574,14.37,-11.42,1988.0,19.26,299.75,15.99,5.66,98.38,12,61.17,52.96,25.61,49.41,53.37,51.32,53.92,52.01,1538,1242,1379,1149,1327.0,389,146.74,1538,1325,44,34,2026-09-19 22:18:21.483951+00:00
US-4824000,El Paso,Texas,TX,,,2025,683012,234128.63,-0.32,0.55,0.81,3.35,7.62,1722,2.52,-8.74,17079.0,-2.91,1621.58,5.14,3.48,98.54,12,61.0,39.77,58.58,52.96,54.27,48.96,51.2,51.85,1153,1155,1576,1425,1327.25,423,181.29,1153,1326,23,35,2026-09-19 22:18:21.483951+00:00
US-4869032,Southlake,Texas,TX,,,2025,31175,1294660.4,-0.88,-0.27,2.29,3.52,10.37,57,1.83,32.56,1164.0,5.53,132.25,34.72,4.23,97.59,12,64.35,43.14,41.58,51.24,54.57,49.27,52.53,51.9,1355,1126,1552,1283,1329.0,426,153.08,1355,1330,32,36,2026-09-19 22:18:21.483951+00:00
US-4861196,Red Oak,Texas,TX,,,2025,20394,348038.75,5.14,41.18,-1.98,-0.86,5.79,667,32.71,81.74,879.0,6.29,111.83,11.93,4.7,98.43,12,66.09,46.87,27.78,49.79,54.58,49.78,53.61,51.94,1500,1125,1518,1185,1332.0,393,178.38,1500,1334,41,37,2026-09-19 22:18:21.483951+00:00
US-4838632,Keller,Texas,TX,,,2025,46078,652968.57,-1.12,0.82,0.56,1.67,7.72,60,1.3,71.43,1675.0,-6.48,141.17,12.86,3.12,98.33,12,63.24,36.23,61.43,53.33,54.86,48.11,50.9,51.8,1109,1102,1674,1450,1333.75,572,241.61,1109,1335,22,38,2026-09-19 22:18:21.483951+00:00
US-4848096,Midlothian,Texas,TX,,,2025,46683,454567.97,5.92,31.62,-0.84,-0.6,5.69,825,17.67,-9.84,2702.0,4.61,355.75,-6.63,4.8,98.03,12,65.01,41.73,39.37,50.45,54.18,48.36,51.97,51.24,1434,1167,1646,1359,1401.5,479,171.49,1434,1402,38,39,2026-09-19 22:18:21.483951+00:00
US-4841800,Lavon,Texas,TX,,,2025,11888,362098.18,40.39,161.79,-6.98,-5.44,3.73,1266,106.49,5.76,1894.0,42.19,224.67,9.59,4.38,98.38,12,52.36,58.03,29.82,48.71,50.68,52.1,52.66,51.03,1608,1474,1297,1266,1411.25,342,138.56,1608,1416,51,40,2026-09-19 22:18:21.483951+00:00
US-4802212,Alton,Texas,TX,,,2025,24138,193912.13,5.74,31.49,0.22,3.98,7.84,224,9.28,-56.34,403.0,-34.79,111.33,1.6,10.61,98.51,12,89.23,14.75,41.0,51.1,59.65,41.03,50.89,50.67,1367,658,2212,1453,1422.5,1554,550.4,1367,1427,33,41,2026-09-19 22:18:21.483951+00:00
US-4816612,Coppell,Texas,TX,,,2025,41386,617139.58,-1.04,-3.37,-2.04,1.75,7.45,10,0.24,100.0,1140.0,3.26,92.25,20.2,2.97,98.26,12,42.63,51.81,68.54,52.32,49.27,51.57,49.35,50.63,1233,1612,1350,1578,1443.25,379,157.75,1233,1450,25,42,2026-09-19 22:18:21.483951+00:00
US-4801576,Alamo,Texas,TX,,,2025,20625,170911.17,0.02,4.94,-1.08,3.42,7.67,90,4.36,-9.09,401.0,2.56,82.83,19.47,7.86,96.57,12,76.39,28.23,38.19,49.98,56.21,44.17,50.89,50.31,1478,973,2000,1452,1475.75,1027,363.37,1478,1484,40,43,2026-09-19 22:18:21.483951+00:00
US-4833212,Henderson,Texas,TX,,,2025,13496,208725.67,0.01,1.69,0.1,0.14,3.78,9,0.67,200.0,319.0,11.54,45.5,8.33,5.63,100.06,12,31.26,60.51,72.53,51.81,46.22,53.53,48.55,50.03,1291,1861,1172,1642,1491.5,689,274.53,1291,1495,28,44,2026-09-19 22:18:21.483951+00:00
US-4862828,Rockwall,Texas,TX,,,2025,53980,481492.0,0.89,13.07,-2.22,-0.91,6.5,511,9.47,60.19,2421.0,16.62,441.08,53.46,6.67,96.85,12,71.81,43.55,10.86,46.68,54.19,47.12,53.0,50.25,1834,1165,1763,1237,1499.75,669,300.88,1834,1503,68,45,2026-09-19 22:18:21.483951+00:00
US-4825452,Farmers Branch,Texas,TX,,,2025,38320,377744.08,2.12,5.79,-1.23,0.12,5.36,64,1.67,-89.49,1012.0,10.0,108.5,27.27,3.93,97.43,12,51.51,49.17,47.16,49.6,50.16,49.57,50.02,49.84,1519,1521,1532,1526,1524.5,13,5.02,1519,1529,43,46,2026-09-19 22:18:21.483951+00:00
US-4830416,Granbury,Texas,TX,,,2025,13263,377147.05,2.31,19.98,0.69,-0.46,5.66,234,17.64,157.14,860.0,31.3,149.75,25.84,6.52,97.58,12,64.01,48.35,16.79,46.72,52.23,48.31,52.24,49.88,1832,1354,1653,1327,1541.5,505,210.94,1832,1552,67,47,2026-09-19 22:18:21.483951+00:00
US-4849068,Mont Belvieu,Texas,TX,,,2025,10673,441383.36,4.67,35.58,2.69,2.36,5.34,167,15.65,-11.17,789.0,33.73,105.25,31.97,4.92,97.66,12,61.31,52.0,13.59,46.12,51.36,49.03,52.35,49.71,1885,1410,1574,1309,1544.5,576,218.15,1885,1555,72,48,2026-09-19 22:18:21.483951+00:00
US-4862504,Roanoke,Texas,TX,,,2025,10931,428400.88,-0.01,11.95,-3.6,-1.53,6.0,22,2.01,-12.0,345.0,3.29,48.92,34.02,5.43,98.0,12,64.66,37.61,40.9,49.25,52.98,46.22,50.11,49.64,1554,1285,1830,1521,1547.5,545,193.3,1554,1558,48,49,2026-09-19 22:18:21.483951+00:00
US-4858016,Plano,Texas,TX,,,2025,293028,508396.61,-0.13,2.31,-5.02,-0.43,6.45,313,1.07,-60.83,7705.0,4.79,807.17,44.39,3.78,97.71,12,55.56,45.48,44.17,49.18,50.83,48.31,49.88,49.55,1563,1463,1656,1532,1553.5,193,69.37,1563,1568,49,50,2026-09-19 22:18:21.483951+00:00
US-4871948,Taylor,Texas,TX,,,2025,18402,288891.65,2.5,11.89,-5.84,-5.0,4.24,19,1.03,-87.25,731.0,25.39,119.42,27.04,6.03,96.88,12,50.65,46.55,52.87,49.77,49.76,48.73,49.03,49.32,1502,1558,1606,1604,1567.5,104,42.41,1502,1579,42,51,2026-09-19 22:18:21.483951+00:00
US-4824348,Ennis,Texas,TX,,,2025,25694,266657.71,3.77,27.08,-1.0,-0.64,4.57,380,14.79,5.56,1117.0,49.53,101.0,34.07,3.45,96.88,12,55.82,56.74,12.86,45.4,49.65,49.88,51.94,49.22,1942,1574,1511,1364,1597.75,578,212.86,1942,1609,77,52,2026-09-19 22:18:21.483951+00:00
US-4872284,Terrell,Texas,TX,,,2025,23921,283895.98,3.93,34.16,-2.53,-1.2,5.7,135,5.64,23.85,651.0,12.05,111.42,33.3,6.6,97.22,12,65.08,42.37,24.92,47.09,52.24,46.57,50.84,49.19,1790,1353,1797,1456,1599.0,444,197.9,1790,1610,63,53,2026-09-19 22:18:21.483951+00:00
US-4805168,Azle,Texas,TX,,,2025,15365,334664.14,2.22,14.47,-1.7,-1.43,5.16,241,15.68,29.57,1103.0,8.14,123.67,10.83,4.14,97.86,12,57.38,48.18,29.24,47.12,50.4,48.1,50.43,49.01,1783,1495,1675,1495,1612.0,288,123.07,1783,1627,62,54,2026-09-19 22:18:21.483951+00:00
US-4838476,Katy,Texas,TX,,,2025,28373,339791.08,2.07,26.46,-3.26,-1.25,5.49,116,4.09,-31.76,18814.0,7.82,1936.58,42.4,3.77,95.39,12,62.86,42.9,25.95,46.64,51.33,46.34,50.18,48.63,1838,1414,1811,1516,1644.75,424,183.58,1838,1655,69,55,2026-09-19 22:18:21.483951+00:00
US-4813552,Cedar Park,Texas,TX,,,2025,79032,474729.7,0.54,1.27,-5.63,-4.72,4.74,0,0.0,-100.0,2468.0,12.95,274.67,20.64,4.06,97.5,12,33.79,51.41,77.56,50.9,45.64,50.05,46.09,48.17,1392,1908,1495,1847,1660.5,516,221.09,1392,1665,35,56,2026-09-19 22:18:21.483951+00:00
US-4810768,Brownsville,Texas,TX,,,2025,192957,196840.81,0.28,3.42,1.25,3.77,8.47,1421,7.36,32.8,2776.0,-1.49,457.92,13.72,6.09,96.58,12,77.57,22.89,34.6,47.69,54.72,41.05,48.67,48.03,1723,1114,2207,1627,1667.75,1093,387.99,1723,1677,56,57,2026-09-19 22:18:21.483951+00:00
US-4864064,Sachse,Texas,TX,,,2025,32834,437916.69,-0.49,21.24,-4.71,-1.41,6.3,4,0.12,-91.67,793.0,-19.0,99.0,28.99,4.57,97.88,12,71.58,16.33,65.32,50.68,54.07,40.25,46.09,47.77,1411,1181,2268,1848,1677.0,1087,416.92,1411,1685,37,58,2026-09-19 22:18:21.483951+00:00
US-4803264,Angleton,Texas,TX,,,2025,21295,253949.28,2.0,9.66,0.1,0.48,3.71,4,0.19,-98.39,1142.0,45.11,140.67,38.13,4.53,92.59,12,46.99,45.07,58.97,49.31,48.21,47.73,47.32,48.14,1549,1696,1710,1759,1678.5,210,78.34,1549,1687,46,59,2026-09-19 22:18:21.483951+00:00
US-4817960,Crowley,Texas,TX,,,2025,20954,318389.65,2.25,14.22,-4.25,-2.69,5.24,234,11.17,-8.95,1159.0,16.13,160.0,47.69,5.17,98.42,12,58.07,53.17,10.15,44.37,49.41,48.19,51.07,48.26,2028,1590,1664,1437,1679.75,591,217.09,2028,1691,85,60,2026-09-19 22:18:21.483951+00:00
US-4827648,Friendswood,Texas,TX,,,2025,41319,454406.75,0.21,0.73,-0.68,1.13,5.7,92,2.23,-29.23,2207.0,19.1,197.33,30.11,3.34,97.76,12,39.23,59.75,41.12,46.88,45.67,50.8,48.65,48.0,1813,1904,1432,1628,1694.25,472,181.15,1813,1701,64,61,2026-09-19 22:18:21.483951+00:00
US-4872176,Temple,Texas,TX,,,2025,98412,251549.4,2.25,18.8,-2.7,-2.93,5.72,1220,12.4,-7.44,4328.0,7.31,744.33,16.94,6.48,97.67,12,64.27,39.88,25.8,46.11,51.18,45.08,49.45,47.96,1886,1426,1926,1573,1702.75,500,210.27,1886,1711,73,62,2026-09-19 22:18:21.483951+00:00
US-4801924,Allen,Texas,TX,,,2025,113447,505888.67,-0.25,7.48,-5.33,-1.21,6.97,1028,9.06,406.4,3411.0,-1.84,364.67,42.22,3.88,97.87,12,73.27,34.58,13.93,44.89,52.76,43.09,49.93,47.67,1980,1301,2078,1530,1722.25,777,319.14,1980,1731,81,63,2026-09-19 22:18:21.483951+00:00
US-4825224,Fairview,Texas,TX,,,2025,10913,679459.47,-0.09,4.68,-4.27,-0.28,6.91,33,3.02,3.13,465.0,-9.0,53.08,10.4,4.16,97.8,12,67.95,24.24,51.62,48.57,52.39,41.46,46.65,47.27,1624,1333,2177,1814,1737.0,844,306.4,1624,1746,53,64,2026-09-19 22:18:21.483951+00:00
US-4807300,Bellaire,Texas,TX,,,2025,17434,1159637.83,0.09,1.43,4.41,5.54,6.3,48,2.75,4.35,607.0,-2.1,45.08,2.27,2.82,97.32,12,49.67,39.93,59.14,48.63,48.17,45.74,46.24,47.19,1619,1701,1865,1840,1756.25,246,100.91,1619,1767,52,65,2026-09-19 22:18:21.483951+00:00
US-4833146,Helotes,Texas,TX,,,2025,10387,465912.94,2.15,15.07,-0.44,-0.7,4.97,40,3.85,-47.37,331.0,16.96,45.42,38.68,5.42,96.85,12,56.09,45.54,28.51,45.5,48.79,46.15,48.59,47.26,1934,1652,1835,1638,1764.75,296,124.86,1934,1777,76,66,2026-09-19 22:18:21.483951+00:00
US-4827876,Fulshear,Texas,TX,,,2025,64630,517004.72,20.95,276.08,0.23,1.12,6.88,3264,50.5,-17.78,1769.0,-18.4,179.08,-6.69,3.82,96.62,12,79.86,15.48,39.41,47.22,54.48,38.39,46.85,46.73,1780,1134,2374,1801,1772.25,1240,438.85,1780,1787,61,67,2026-09-19 22:18:21.483951+00:00
US-4833428,Hewitt,Texas,TX,,,2025,16754,301366.55,0.21,4.28,-0.56,-0.14,6.0,36,2.15,2.86,505.0,-2.13,58.0,-4.0,4.72,97.99,12,55.01,30.79,66.04,49.29,49.4,43.34,45.21,46.81,1550,1593,2064,1921,1782.0,514,217.02,1550,1798,47,68,2026-09-19 22:18:21.483951+00:00
US-4817060,Corsicana,Texas,TX,,,2025,25487,177944.23,-0.39,1.37,-2.7,0.7,6.59,64,2.51,-22.89,716.0,9.48,117.83,8.19,6.24,95.61,12,53.43,36.33,56.25,48.15,48.72,44.45,46.01,46.83,1670,1660,1976,1856,1790.5,316,132.52,1670,1809,55,69,2026-09-19 22:18:21.483951+00:00
US-4832312,Harker Heights,Texas,TX,,,2025,35195,298943.7,0.04,5.91,-0.57,-1.51,5.32,85,2.42,-10.53,1172.0,6.55,163.5,26.42,5.19,98.17,12,51.64,43.94,42.25,46.6,47.92,46.0,47.24,46.94,1842,1718,1845,1768,1793.25,127,53.28,1843,1814,70,70,2026-09-19 22:18:21.483951+00:00
US-4870208,Stephenville,Texas,TX,,,2025,21793,324670.91,0.15,3.25,-1.05,2.13,8.0,27,1.24,-74.77,636.0,-2.9,99.92,41.39,5.96,95.51,12,74.44,18.85,43.9,47.35,53.18,39.29,46.37,46.55,1762,1266,2327,1831,1796.5,1061,375.91,1762,1818,58,71,2026-09-19 22:18:21.483951+00:00
US-4846500,Manvel,Texas,TX,,,2025,20699,447793.46,8.49,104.17,-1.93,-0.38,4.94,745,35.99,18.25,2288.0,19.17,314.17,23.24,5.05,96.29,12,58.04,46.04,18.58,43.98,48.52,45.52,48.69,46.68,2069,1673,1893,1626,1815.25,443,177.82,2069,1836,89,72,2026-09-19 22:18:21.483951+00:00
US-4820092,DeSoto,Texas,TX,,,2025,56681,324474.78,-0.24,1.16,-3.21,-1.8,5.42,147,2.59,-20.97,1517.0,14.84,184.0,7.92,4.46,97.75,12,38.19,51.36,56.03,47.26,44.82,48.11,45.9,46.52,1774,1962,1672,1864,1818.0,290,107.36,1774,1842,59,73,2026-09-19 22:18:21.483951+00:00
US-4803000,Amarillo,Texas,TX,,,2025,205130,205878.7,0.79,2.28,1.56,1.93,6.15,865,4.22,-28.75,7127.0,4.3,804.25,-1.82,4.17,96.63,12,51.19,38.37,54.78,47.6,47.88,44.68,45.78,46.48,1733,1722,1954,1881,1822.5,232,98.52,1733,1847,57,74,2026-09-19 22:18:21.483951+00:00
US-4836092,Iowa Colony,Texas,TX,,,2025,20503,341392.65,19.61,139.8,-2.42,-2.03,3.67,743,36.24,-37.03,1925.0,75.48,195.5,19.21,3.89,94.95,12,52.15,49.93,21.76,43.78,46.93,46.37,48.11,46.3,2095,1798,1810,1672,1843.75,423,154.8,2095,1881,91,75,2026-09-19 22:18:21.483951+00:00
US-4843012,Little Elm,Texas,TX,,,2025,62727,409593.83,3.13,34.08,-7.2,-3.83,5.4,414,6.6,-51.29,2629.0,6.05,353.25,29.79,4.91,96.96,12,61.86,38.88,24.23,44.41,49.32,43.58,47.75,46.27,2023,1606,2046,1714,1847.25,440,191.28,2023,1884,84,76,2026-09-19 22:18:21.483951+00:00
US-4850100,Murphy,Texas,TX,,,2025,20985,587537.6,-0.59,-0.46,-3.39,-0.01,7.49,58,2.76,544.44,486.0,5.65,57.25,36.85,4.3,97.32,12,54.91,41.97,34.51,45.28,47.96,44.73,47.04,46.25,1953,1715,1948,1782,1849.5,238,103.76,1953,1887,79,77,2026-09-19 22:18:21.483951+00:00
US-4839124,Kilgore,Texas,TX,,,2025,13531,215231.53,-0.1,1.4,-0.45,1.97,4.89,24,1.77,14.29,438.0,11.17,61.83,12.08,5.38,98.83,12,35.08,52.4,58.04,46.88,43.72,48.05,45.17,45.95,1814,2051,1681,1929,1868.75,370,137.02,1814,1908,65,78,2026-09-19 22:18:21.483951+00:00
US-4865726,Santa Fe,Texas,TX,,,2025,13913,329816.87,6.04,9.27,-1.15,0.37,4.4,261,18.76,-28.3,596.0,18.96,81.67,9.13,5.07,96.95,12,49.47,47.95,30.19,44.12,46.12,45.74,46.86,45.71,2048,1870,1862,1799,1894.75,249,92.65,2048,1943,87,79,2026-09-19 22:18:21.483951+00:00
US-4876816,Waxahachie,Texas,TX,,,2025,50090,372651.11,2.89,20.4,-1.89,-1.06,5.47,900,17.97,52.03,2317.0,2.57,338.25,17.65,5.36,98.27,12,61.89,38.07,22.93,43.81,48.9,42.95,47.28,45.73,2092,1640,2088,1763,1895.75,452,199.06,2092,1946,90,80,2026-09-19 22:18:21.483951+00:00
US-4811080,Buda,Texas,TX,,,2025,16166,360676.0,-0.04,5.65,-6.03,-6.26,3.8,72,4.45,5.88,577.0,8.46,74.25,1.83,4.77,97.97,12,42.43,46.2,51.81,46.09,44.97,45.91,45.06,45.51,1887,1957,1850,1941,1908.75,107,42.7,1887,1957,74,81,2026-09-19 22:18:21.483951+00:00
US-4852356,North Richland Hills,Texas,TX,,,2025,70843,369011.98,-0.78,0.79,-1.72,-0.32,5.83,83,1.17,-51.46,2444.0,-1.65,215.17,12.65,3.22,98.47,12,41.22,42.9,62.86,47.22,44.97,45.39,44.14,45.43,1778,1955,1904,2009,1911.5,231,85.55,1778,1962,60,82,2026-09-19 22:18:21.483951+00:00
US-4843096,Live Oak,Texas,TX,,,2025,16426,248309.39,0.77,3.84,-1.59,-1.73,4.46,46,2.8,-17.86,534.0,18.67,71.83,12.39,5.2,97.08,12,41.05,47.76,50.97,45.88,44.55,46.23,45.06,45.43,1909,1995,1829,1940,1918.25,166,60.03,1909,1969,75,83,2026-09-19 22:18:21.483951+00:00
US-4843888,Longview,Texas,TX,,,2025,83236,233562.69,-0.22,1.81,1.58,2.55,5.53,148,1.78,-5.73,2375.0,0.34,316.25,14.97,4.87,99.5,12,42.36,44.56,55.45,46.4,44.98,45.53,44.66,45.39,1860,1952,1890,1972,1918.5,112,45.33,1860,1970,71,84,2026-09-19 22:18:21.483951+00:00
US-4807492,Belton,Texas,TX,,,2025,25964,317787.61,1.84,12.31,-2.91,-2.62,5.0,295,11.36,4.24,896.0,44.75,153.75,45.16,6.38,97.55,12,54.8,48.46,10.38,41.48,46.24,44.65,47.51,44.97,2258,1860,1958,1733,1952.25,525,193.71,2258,2000,112,85,2026-09-19 22:18:21.483951+00:00
US-4819432,Dayton,Texas,TX,,,2025,10226,311692.46,4.23,21.0,2.06,2.19,5.18,119,11.64,-11.85,476.0,16.67,89.08,39.01,6.93,96.67,12,59.52,42.62,12.57,41.87,47.41,43.18,47.22,44.92,2238,1759,2074,1770,1960.25,479,204.19,2238,2007,110,86,2026-09-19 22:18:21.483951+00:00
US-4862588,Robinson,Texas,TX,,,2025,13028,302819.33,0.54,4.5,-0.94,-0.41,5.88,55,4.22,22.22,446.0,-1.55,55.17,-17.56,4.58,97.17,12,54.13,28.64,60.2,46.73,47.4,41.02,43.27,44.6,1830,1760,2213,2066,1967.25,453,181.61,1830,2014,66,87,2026-09-19 22:18:21.483951+00:00
US-4813684,Celina,Texas,TX,,,2025,64427,548851.85,24.58,257.27,-7.12,-1.94,7.88,2803,43.51,-35.67,2228.0,-9.91,466.17,66.19,7.67,96.56,12,89.64,11.67,4.99,41.19,53.55,34.06,46.09,43.72,2298,1227,2576,1849,1987.5,1349,509.97,2298,2026,119,88,2026-09-19 22:18:21.483951+00:00
US-4822660,Edinburg,Texas,TX,,,2025,110700,216617.6,1.66,9.87,-0.19,2.32,6.94,1431,12.93,10.5,1935.0,-4.44,481.58,19.11,9.18,97.26,12,75.52,19.45,23.82,42.97,50.95,36.93,45.12,43.99,2151,1453,2442,1935,1995.25,989,361.08,2151,2038,99,89,2026-09-19 22:18:21.483951+00:00
US-4856348,Pearland,Texas,TX,,,2025,129930,382508.43,-0.66,1.67,-0.91,0.57,5.57,101,0.78,68.33,3769.0,2.11,330.42,41.66,3.25,97.74,12,42.25,44.92,48.44,44.73,43.98,44.65,44.07,44.36,1992,2034,1961,2015,2000.5,73,27.23,1992,2045,83,90,2026-09-19 22:18:21.483951+00:00
US-4816624,Copperas Cove,Texas,TX,,,2025,40118,226850.87,1.52,9.22,-0.65,-1.05,6.76,474,11.82,29.16,1987.0,-10.98,251.83,13.23,4.68,97.84,12,72.39,20.5,29.28,43.45,50.36,37.38,44.73,43.98,2119,1499,2422,1964,2001.0,923,333.37,2119,2048,95,91,2026-09-19 22:18:21.483951+00:00
US-4823044,Elgin,Texas,TX,,,2025,13327,280651.93,6.26,35.95,-7.18,-6.33,4.36,766,57.48,105.91,523.0,18.59,115.0,64.48,8.25,98.04,12,54.97,48.55,4.99,40.23,45.55,43.94,47.09,44.2,2357,1914,2016,1779,2016.5,578,213.81,2357,2061,130,92,2026-09-19 22:18:21.483951+00:00
US-4842508,Lewisville,Texas,TX,,,2025,139006,395203.17,2.17,9.97,-5.18,-1.2,5.47,756,5.44,-55.27,2797.0,1.49,296.83,49.29,3.85,97.79,12,57.44,40.05,19.44,41.85,46.52,42.18,45.81,44.09,2240,1836,2135,1878,2022.25,404,170.02,2240,2074,111,93,2026-09-19 22:18:21.483951+00:00
US-4829168,Gatesville,Texas,TX,,,2025,16422,244446.23,-0.27,2.03,1.56,-0.69,5.5,29,1.77,61.11,276.0,16.46,51.58,15.7,7.22,95.73,12,43.18,40.19,55.02,45.09,44.06,43.31,43.02,43.87,1961,2032,2067,2082,2035.5,121,46.68,1961,2085,80,94,2026-09-19 22:18:21.483951+00:00
US-4819624,Deer Park,Texas,TX,,,2025,34282,282334.07,-0.48,-0.29,-0.68,0.57,4.57,8,0.23,60.0,982.0,9.35,86.25,30.68,3.23,97.95,12,25.08,55.49,61.5,44.83,39.67,47.27,42.41,43.54,1985,2281,1751,2129,2036.5,530,195.26,1985,2086,82,95,2026-09-19 22:18:21.483951+00:00
US-4859576,Princeton,Texas,TX,,,2025,43524,305340.85,18.09,148.69,-8.29,-5.83,3.75,1610,36.99,-29.32,3499.0,13.97,467.5,35.31,4.88,97.13,12,52.43,46.9,11.37,40.23,44.61,43.23,45.83,43.47,2358,1988,2072,1870,2072.0,488,180.04,2358,2116,131,96,2026-09-19 22:18:21.483951+00:00
US-4845384,McAllen,Texas,TX,,,2025,150640,228469.87,1.34,5.79,-0.77,1.79,6.83,1504,9.98,-12.66,2872.0,1.34,608.17,31.92,7.78,96.52,12,69.28,26.09,17.52,41.22,48.56,37.76,44.67,43.05,2293,1670,2409,1971,2085.75,739,288.73,2293,2124,118,97,2026-09-19 22:18:21.483951+00:00
US-4880356,Wylie,Texas,TX,,,2025,63842,431672.47,1.48,10.27,-5.22,-2.18,6.0,269,4.21,-39.41,1980.0,-3.32,250.67,28.77,4.68,97.21,12,63.6,25.95,32.17,42.56,47.59,38.18,43.51,42.96,2180,1747,2381,2048,2089.0,634,230.32,2180,2127,102,98,2026-09-19 22:18:21.483951+00:00
US-4839148,Killeen,Texas,TX,,,2025,161883,221097.72,0.93,5.27,-1.97,-1.59,6.47,910,5.62,-19.75,5529.0,-8.52,774.08,13.75,5.13,98.28,12,63.51,23.41,38.53,43.23,47.73,37.71,42.97,42.91,2129,1733,2411,2089,2090.5,678,240.84,2129,2129,96,99,2026-09-19 22:18:21.483951+00:00
US-4869908,Stafford,Texas,TX,,,2025,18043,300032.59,5.15,3.82,-1.42,-0.07,5.61,432,23.94,-10.74,306.0,35.4,40.0,41.59,4.95,97.09,12,49.6,49.78,8.57,39.41,43.5,43.54,45.58,43.01,2410,2058,2047,1899,2103.5,511,187.77,2410,2140,142,100,2026-09-19 22:18:21.483951+00:00
US-4827000,Fort Worth,Texas,TX,,,2025,1028117,299757.05,1.93,11.31,-3.4,-2.47,5.21,9437,9.18,-28.22,32046.0,-2.13,3641.5,13.64,4.16,98.01,12,56.2,33.61,31.73,42.18,45.75,40.1,43.59,42.9,2212,1898,2284,2043,2109.25,386,150.09,2212,2149,105,101,2026-09-19 22:18:21.483951+00:00
US-4826604,Forney,Texas,TX,,,2025,41658,315111.21,8.48,75.71,-4.96,-5.22,3.63,273,6.55,-58.82,1285.0,3.63,210.33,10.65,6.03,97.51,12,52.0,34.75,39.13,42.74,44.89,40.58,42.95,42.79,2167,1960,2240,2094,2115.25,280,103.43,2167,2155,101,102,2026-09-19 22:18:21.483951+00:00
US-4863572,Rowlett,Texas,TX,,,2025,67890,372176.41,-0.41,8.18,-4.82,-1.85,5.88,1018,14.99,556.77,2417.0,3.64,345.75,34.23,5.3,97.6,12,60.15,36.53,12.72,40.03,45.95,40.04,44.78,42.7,2375,1878,2288,1960,2125.25,497,210.54,2375,2160,134,103,2026-09-19 22:18:21.483951+00:00
US-4872392,Texas City,Texas,TX,,,2025,59733,227969.73,3.18,14.32,-4.0,-1.83,3.18,640,10.71,-34.29,3023.0,11.02,422.17,9.35,5.18,95.78,12,48.47,40.17,33.87,41.91,43.79,41.71,43.27,42.67,2233,2044,2164,2065,2126.5,189,76.38,2233,2161,109,104,2026-09-19 22:18:21.483951+00:00
US-4819972,Denton,Texas,TX,,,2025,169431,356457.39,1.92,20.04,-4.48,-2.24,5.31,3438,20.29,73.99,4710.0,2.77,613.83,43.42,4.77,97.83,12,60.41,37.9,7.95,39.42,45.79,40.16,45.03,42.6,2409,1893,2278,1942,2130.5,516,218.66,2409,2167,141,105,2026-09-19 22:18:21.483951+00:00
US-4830464,Grand Prairie,Texas,TX,,,2025,209434,317662.73,0.92,6.75,-3.59,-1.26,5.62,664,3.17,-58.03,3605.0,-9.08,381.58,12.37,3.87,97.92,12,55.71,26.06,49.15,43.69,45.83,38.42,41.71,42.41,2101,1886,2372,2183,2135.5,486,174.38,2101,2169,92,106,2026-09-19 22:18:21.483951+00:00
US-4863668,Royse City,Texas,TX,,,2025,28307,320160.38,7.23,105.42,-4.33,-4.38,4.15,498,17.59,-28.14,1046.0,11.99,190.33,28.24,6.72,96.94,12,54.13,41.24,15.28,39.91,44.44,41.21,44.44,42.5,2382,2005,2194,1985,2141.5,397,161.03,2382,2177,135,107,2026-09-19 22:18:21.483951+00:00
US-4867496,Sherman,Texas,TX,,,2025,52417,264609.73,4.11,19.17,-5.7,-1.19,5.47,1034,19.73,-18.71,2111.0,5.08,397.08,29.06,6.96,96.92,12,61.46,33.62,14.75,40.04,46.1,39.14,44.26,42.39,2373,1871,2331,2004,2144.75,502,213.04,2373,2180,133,108,2026-09-19 22:18:21.483951+00:00
US-4847496,Melissa,Texas,TX,,,2025,29969,441184.96,14.48,109.0,-5.81,-3.42,6.33,553,18.45,-57.3,1148.0,-24.02,165.92,4.57,5.27,97.74,12,72.44,13.41,33.73,42.1,48.93,34.17,42.01,41.8,2216,1639,2569,2164,2147.0,930,332.11,2216,2181,106,109,2026-09-19 22:18:21.483951+00:00
US-4866392,Seabrook,Texas,TX,,,2025,13974,347356.1,0.33,2.87,-1.46,-0.74,4.25,30,2.15,-51.61,627.0,25.65,98.42,26.45,5.88,96.78,12,37.66,46.46,43.86,42.29,41.23,43.43,42.24,42.3,2202,2195,2055,2147,2149.75,147,58.66,2202,2187,103,110,2026-09-19 22:18:21.483951+00:00
US-4811368,Burkburnett,Texas,TX,,,2025,11057,186431.6,0.05,0.81,-0.29,2.51,6.8,6,0.54,-57.14,415.0,-4.16,57.42,15.41,5.31,96.44,12,53.43,19.96,67.75,45.29,45.53,37.17,39.8,41.95,1952,1916,2431,2305,2151.0,515,221.89,1952,2188,78,111,2026-09-19 22:18:21.483951+00:00
US-4827348,Fredericksburg,Texas,TX,,,2025,11893,528381.29,1.55,7.86,-2.95,-2.21,4.92,51,4.29,-1.92,865.0,3.1,182.08,4.5,7.84,96.86,12,50.59,30.3,50.77,43.53,44.53,39.46,41.48,42.25,2115,1998,2320,2194,2156.75,322,117.24,2115,2193,94,112,2026-09-19 22:18:21.483951+00:00
US-4804000,Arlington,Texas,TX,,,2025,402134,311237.6,-0.3,1.97,-3.88,-1.82,5.29,1576,3.92,-7.46,9572.0,2.18,948.17,16.7,3.63,97.99,12,40.95,43.49,41.93,42.08,41.86,42.49,42.19,42.15,2217,2159,2119,2149,2161.0,98,35.52,2217,2198,107,113,2026-09-19 22:18:21.483951+00:00
US-4845000,Lubbock,Texas,TX,,,2025,273071,208884.89,1.05,5.81,-0.29,-0.66,4.3,2382,8.72,28.62,12544.0,7.81,1597.58,10.84,4.69,96.71,12,44.85,40.87,35.06,41.01,42.19,41.19,42.08,41.62,2308,2144,2195,2153,2200.0,164,65.26,2308,2235,121,114,2026-09-19 22:18:21.483951+00:00
US-4810912,Bryan,Texas,TX,,,2025,91996,273657.11,0.89,9.06,0.85,2.14,4.84,1032,11.22,-6.1,3771.0,2.92,453.75,8.19,4.59,96.67,12,51.48,34.38,34.23,41.18,43.76,39.49,42.06,41.62,2299,2045,2317,2154,2203.75,272,111.33,2299,2237,120,115,2026-09-19 22:18:21.483951+00:00
US-4815976,College Station,Texas,TX,,,2025,127472,346510.05,0.21,5.53,0.37,2.11,4.83,1298,10.18,16.73,4142.0,4.7,476.42,28.24,4.32,98.13,12,46.92,44.45,19.5,39.2,42.07,41.45,43.07,41.44,2424,2149,2179,2080,2208.0,344,129.77,2424,2245,143,116,2026-09-19 22:18:21.483951+00:00
US-4813024,Carrollton,Texas,TX,,,2025,134562,405763.29,-0.9,0.72,-5.1,-0.69,5.74,1166,8.67,5200.0,3533.0,8.81,336.0,50.39,3.45,98.14,12,39.57,54.56,12.61,38.08,40.02,43.77,43.62,41.37,2501,2263,2033,2040,2209.25,468,192.17,2501,2248,157,117,2026-09-19 22:18:21.483951+00:00
US-4821424,Dripping Springs,Texas,TX,,,2025,11167,694351.01,9.29,118.02,-3.93,-4.83,4.94,521,46.66,6.11,640.0,1.91,99.0,16.02,5.84,97.12,12,58.06,30.8,24.24,40.06,44.81,37.99,42.41,41.32,2371,1964,2396,2128,2214.75,432,178.65,2371,2253,132,118,2026-09-19 22:18:21.483951+00:00
US-4804504,Athens,Texas,TX,,,2025,13870,259455.32,0.34,7.71,-0.08,0.46,4.95,22,1.59,10.0,305.0,-4.09,51.58,2.31,6.68,97.35,12,50.6,20.82,67.26,44.34,44.17,36.72,38.87,41.02,2031,2024,2453,2360,2217.0,429,192.35,2031,2254,86,119,2026-09-19 22:18:21.483951+00:00
US-4866128,Schertz,Texas,TX,,,2025,45978,314482.95,2.76,8.78,-2.89,-2.27,4.11,438,9.53,-22.61,2050.0,12.95,350.33,37.3,6.47,97.64,12,47.71,44.9,15.51,38.68,42.04,41.34,43.23,41.32,2461,2151,2188,2069,2217.25,392,147.17,2461,2255,148,120,2026-09-19 22:18:21.483951+00:00
US-4841440,La Porte,Texas,TX,,,2025,37983,256562.16,0.18,7.61,-0.95,-0.21,4.38,84,2.21,-22.94,1403.0,-5.27,144.75,9.18,3.82,97.37,12,47.49,28.21,57.31,43.19,43.18,38.36,39.79,41.13,2133,2084,2376,2307,2225.0,292,120.28,2133,2261,97,121,2026-09-19 22:18:21.483951+00:00
US-4830920,Greenville,Texas,TX,,,2025,37069,246172.27,7.46,31.18,-3.11,-1.68,5.64,663,17.89,-34.87,1585.0,-4.8,301.17,8.82,7.07,97.5,12,64.51,20.1,30.45,40.45,46.08,34.97,41.12,40.65,2335,1874,2534,2223,2241.5,660,239.63,2335,2274,126,122,2026-09-19 22:18:21.483951+00:00
US-4838068,Josephine,Texas,TX,,,2025,10208,292692.2,15.67,347.13,-5.89,-3.77,4.69,449,43.99,-7.04,184.0,1.66,33.25,47.78,7.95,98.76,12,56.71,37.37,6.75,37.45,43.42,38.58,43.01,40.62,2533,2066,2361,2083,2260.75,467,196.02,2533,2303,169,123,2026-09-19 22:18:21.483951+00:00
US-4864112,Saginaw,Texas,TX,,,2025,26706,301232.1,2.25,11.11,-3.78,-2.89,5.07,166,6.22,-51.03,754.0,-10.24,70.92,18.69,3.58,98.15,12,54.89,28.44,33.31,40.24,43.72,37.1,40.83,40.47,2354,2052,2439,2245,2272.5,387,144.69,2354,2314,128,124,2026-09-19 22:18:21.483951+00:00
US-4841980,League City,Texas,TX,,,2025,119905,370330.24,1.39,4.6,-1.64,-0.21,4.61,816,6.81,-12.07,5378.0,-1.01,472.92,6.83,3.22,96.78,12,43.49,36.24,41.67,40.5,41.05,39.23,40.05,40.21,2332,2203,2329,2286,2287.5,129,52.07,2332,2331,125,125,2026-09-19 22:18:21.483951+00:00
US-4848684,Mineral Wells,Texas,TX,,,2025,15983,207895.79,1.41,7.8,0.0,-2.84,5.13,22,1.38,-8.33,462.0,-7.6,79.58,-1.04,6.73,96.75,12,52.15,14.5,70.84,43.64,43.66,34.25,37.08,39.66,2107,2053,2565,2448,2293.25,512,218.06,2107,2334,93,126,2026-09-19 22:18:21.483951+00:00
US-4820344,Dickinson,Texas,TX,,,2025,21908,265174.33,0.0,2.13,-2.75,-0.68,3.93,41,1.87,-14.58,748.0,10.81,120.17,22.51,5.96,97.43,12,33.86,42.94,48.92,40.8,38.84,41.11,39.45,40.05,2313,2328,2202,2334,2294.25,132,53.81,2313,2337,122,127,2026-09-19 22:18:21.483951+00:00
US-4826544,Forest Hill,Texas,TX,,,2025,14056,226387.17,-1.29,0.76,-3.67,-0.13,6.75,5,0.36,0.0,261.0,-4.04,34.92,55.76,5.18,96.84,12,52.5,21.81,51.17,41.42,43.09,35.42,38.55,39.62,2268,2091,2515,2369,2310.75,424,154.3,2268,2352,115,128,2026-09-19 22:18:21.483951+00:00
US-4827984,Gainesville,Texas,TX,,,2025,18528,251153.84,0.86,6.52,-2.23,0.45,6.3,41,2.21,-68.46,560.0,-12.09,104.75,16.82,7.17,96.4,12,63.17,9.89,50.69,41.4,45.31,32.0,37.95,39.16,2271,1931,2646,2397,2311.25,715,257.69,2271,2354,116,129,2026-09-19 22:18:21.483951+00:00
US-4862600,Robstown,Texas,TX,,,2025,10324,112839.91,-0.71,1.91,-9.64,-6.5,-5.27,4,0.39,-33.33,64.0,10.34,23.17,-9.15,17.68,91.09,12,27.4,33.57,85.38,44.05,37.95,39.49,35.97,39.37,2056,2376,2318,2501,2312.75,445,162.32,2056,2355,88,130,2026-09-19 22:18:21.483951+00:00
US-4809328,Bonham,Texas,TX,,,2025,11263,232329.11,1.52,8.68,-1.25,-0.72,5.93,9,0.8,-85.25,253.0,-29.13,62.08,11.53,9.05,95.78,12,61.36,4.43,67.72,43.02,45.23,31.0,36.38,38.91,2149,1941,2691,2482,2315.75,750,290.13,2149,2358,98,131,2026-09-19 22:18:21.483951+00:00
US-4866644,Seguin,Texas,TX,,,2025,41048,274370.87,5.46,39.16,-3.12,-3.01,2.94,811,19.76,-20.02,2784.0,1.64,457.75,0.11,6.03,97.07,12,50.57,29.9,36.41,39.79,42.24,37.08,39.85,39.74,2390,2139,2440,2300,2317.25,301,114.49,2390,2360,137,132,2026-09-19 22:18:21.483951+00:00
US-4825572,Fate,Texas,TX,,,2025,29007,365193.01,5.84,57.41,-3.42,-3.65,4.85,297,10.24,-48.35,1564.0,-7.57,198.58,-5.96,4.62,96.84,12,57.56,19.41,43.24,40.63,43.97,34.43,38.96,39.5,2325,2037,2556,2357,2318.75,519,185.18,2325,2364,123,133,2026-09-19 22:18:21.483951+00:00
US-4848768,Mission,Texas,TX,,,2025,88992,222081.64,0.58,3.65,-0.53,1.93,6.79,722,8.11,3.88,1742.0,-3.49,430.67,21.26,9.12,96.62,12,63.73,18.8,27.39,38.92,44.8,33.57,39.88,39.29,2441,1965,2592,2296,2323.5,627,231.94,2441,2368,146,134,2026-09-19 22:18:21.483951+00:00
US-4803300,Anna,Texas,TX,,,2025,35245,354960.2,10.15,100.07,-6.76,-4.62,4.72,864,24.51,-26.34,2155.0,1.89,355.92,35.24,6.1,97.7,12,56.9,32.52,11.38,36.99,42.76,36.66,41.38,39.45,2562,2111,2458,2197,2332.0,451,184.28,2562,2376,176,135,2026-09-19 22:18:21.483951+00:00
US-4821892,Eagle Pass,Texas,TX,,,2025,28926,226888.21,0.48,2.51,2.01,5.08,5.97,94,3.25,22.08,428.0,2.64,112.0,19.25,10.07,95.97,12,50.09,27.0,42.99,40.23,42.1,36.32,38.99,39.41,2356,2147,2471,2356,2332.5,324,116.94,2356,2377,129,136,2026-09-19 22:18:21.483951+00:00
US-4854804,Palmview,Texas,TX,,,2025,15878,185651.79,-0.36,0.31,-0.17,3.53,8.07,114,7.18,111.11,127.0,-4.51,32.83,21.23,9.99,97.07,12,62.93,18.7,28.88,38.93,44.55,33.49,39.62,39.15,2440,1996,2594,2319,2337.25,598,219.81,2440,2382,145,137,2026-09-19 22:18:21.483951+00:00
US-4846440,Manor,Texas,TX,,,2025,23070,326857.8,6.54,63.36,-6.83,-7.33,3.81,1181,51.19,79.21,1225.0,-3.92,141.08,12.34,4.33,98.07,12,52.79,30.22,27.41,38.55,42.21,36.57,40.1,39.36,2468,2142,2461,2282,2338.25,326,135.63,2468,2383,149,138,2026-09-19 22:18:21.483951+00:00
US-4824768,Euless,Texas,TX,,,2025,60008,356894.96,0.1,-1.73,-2.9,-0.08,5.76,219,3.65,-45.25,1247.0,4.35,93.08,35.72,2.74,97.94,12,28.42,53.58,30.63,37.78,36.3,42.59,39.96,39.16,2513,2461,2112,2291,2344.25,401,157.23,2513,2391,159,139,2026-09-19 22:18:21.483951+00:00
US-4876000,Waco,Texas,TX,,,2025,147788,198264.82,0.68,5.16,-3.16,-1.54,5.56,1119,7.57,58.72,4551.0,0.53,712.25,10.68,5.74,96.52,12,52.2,26.58,37.31,39.51,42.28,35.88,39.18,39.21,2406,2137,2494,2345,2345.5,357,131.52,2406,2392,140,140,2026-09-19 22:18:21.483951+00:00
US-4852212,Northlake,Texas,TX,,,2025,12036,503487.27,11.93,117.89,-3.71,-2.24,5.93,438,36.39,-31.24,1091.0,-8.55,164.33,18.8,5.55,96.78,12,67.71,15.65,22.12,38.09,45.25,32.24,39.73,38.83,2498,1938,2641,2312,2347.25,703,263.51,2498,2396,154,141,2026-09-19 22:18:21.483951+00:00
US-4831328,Groves,Texas,TX,,,2025,16907,179241.23,0.01,-2.24,6.81,1.24,2.89,30,1.77,-16.67,676.0,13.42,50.75,-14.83,2.78,94.7,12,11.33,53.07,73.38,41.45,33.16,43.59,36.32,38.63,2265,2596,2045,2484,2347.5,551,211.36,2265,2397,114,142,2026-09-19 22:18:21.483951+00:00
US-4845120,Lumberton,Texas,TX,,,2025,14123,278651.15,-0.77,3.65,0.26,0.8,2.98,53,3.75,65.63,529.0,-1.31,64.75,-16.36,4.65,98.17,12,35.83,33.27,61.89,41.45,38.97,38.33,37.29,39.01,2264,2317,2377,2433,2347.75,169,63.41,2264,2398,113,143,2026-09-19 22:18:21.483951+00:00
US-4854708,Palestine,Texas,TX,,,2025,19555,194909.04,0.27,5.22,-8.51,-1.12,4.6,12,0.61,-52.0,491.0,-11.21,94.0,4.93,7.14,98.09,12,44.94,16.96,75.95,42.9,41.2,34.2,35.45,38.44,2155,2196,2568,2520,2359.75,413,185.6,2155,2414,100,144,2026-09-19 22:18:21.483951+00:00
US-4870904,Sulphur Springs,Texas,TX,,,2025,17054,249613.8,0.76,6.81,-2.18,-3.65,2.33,60,3.52,-4.76,467.0,12.26,80.5,25.95,6.34,96.11,12,39.24,39.47,36.75,38.7,38.94,38.99,39.1,38.93,2456,2322,2342,2349,2367.25,134,52.19,2456,2420,147,145,2026-09-19 22:18:21.483951+00:00
US-4841116,La Marque,Texas,TX,,,2025,20324,232301.75,0.56,10.07,-3.59,-1.64,2.9,137,6.74,30.48,858.0,4.63,124.83,18.51,5.53,96.74,12,45.58,34.47,32.28,38.36,40.25,37.47,39.25,38.83,2483,2251,2416,2341,2372.75,232,86.4,2483,2425,151,146,2026-09-19 22:18:21.483951+00:00
US-4833320,Hereford,Texas,TX,,,2025,14976,174655.4,0.7,0.43,-0.92,1.78,4.45,33,2.2,-29.79,238.0,81.68,67.5,250.65,11.16,98.42,12,27.88,52.17,32.21,37.47,35.82,41.89,39.25,38.61,2531,2487,2150,2342,2377.5,381,148.8,2531,2427,168,147,2026-09-19 22:18:21.483951+00:00
US-4857200,Pharr,Texas,TX,,,2025,80830,167783.96,-0.26,1.25,-2.59,2.41,7.26,182,2.25,-38.93,836.0,-8.23,212.58,27.87,9.37,96.61,12,60.84,13.13,42.34,39.52,43.75,31.82,37.52,38.15,2405,2047,2655,2421,2382.0,608,217.26,2405,2431,139,148,2026-09-19 22:18:21.483951+00:00
US-4870808,Sugar Land,Texas,TX,,,2025,107726,444694.39,-1.11,-2.79,-0.73,1.57,6.57,420,3.9,526.87,3224.0,6.79,321.83,33.96,3.69,97.01,12,34.56,45.94,30.6,37.55,37.38,40.23,39.29,38.61,2524,2396,2271,2338,2382.25,253,93.03,2524,2432,163,149,2026-09-19 22:18:21.483951+00:00
US-4862804,Rockport,Texas,TX,,,2025,11348,312620.06,2.16,11.9,-4.3,-2.45,4.11,123,10.84,-8.21,867.0,5.73,277.92,17.1,12.18,95.62,12,50.24,31.19,26.97,37.76,41.03,36.27,39.34,38.6,2514,2204,2476,2337,2382.75,310,122.44,2514,2433,160,150,2026-09-19 22:18:21.483951+00:00
US-4838488,Kaufman,Texas,TX,,,2025,10717,290072.97,9.39,44.96,-0.12,-1.57,5.02,32,2.99,-84.91,291.0,-7.32,45.58,16.88,6.07,95.58,12,58.59,13.07,46.29,39.58,43.09,31.71,36.87,37.81,2403,2092,2661,2465,2405.25,569,204.39,2403,2452,138,151,2026-09-19 22:18:21.483951+00:00
US-4807132,Bedford,Texas,TX,,,2025,47958,374650.49,-1.37,-3.72,-2.47,0.1,5.8,166,3.46,5433.33,1467.0,2.44,108.92,15.87,2.78,98.19,12,22.05,51.6,44.89,38.1,34.34,41.73,37.63,37.95,2497,2554,2162,2414,2406.75,392,149.82,2497,2455,153,152,2026-09-19 22:18:21.483951+00:00
US-4857980,Plainview,Texas,TX,,,2025,19314,125989.25,-0.96,-3.7,-3.19,-3.56,0.84,1,0.05,0.0,415.0,0.97,78.5,-25.36,7.77,101.27,12,3.49,48.5,95.6,42.27,30.81,42.06,32.96,37.02,2203,2678,2144,2609,2408.5,534,237.18,2203,2457,104,153,2026-09-19 22:18:21.483951+00:00
US-4832372,Harlingen,Texas,TX,,,2025,72467,202080.07,0.15,0.75,-2.01,0.74,5.8,361,4.98,-12.59,1438.0,5.27,246.0,18.36,6.47,97.22,12,40.62,35.52,37.04,37.94,38.55,37.28,37.97,37.93,2506,2345,2426,2393,2417.5,161,58.65,2506,2467,158,154,2026-09-19 22:18:21.483951+00:00
US-4850580,Nederland,Texas,TX,,,2025,18108,218178.8,-0.31,-3.62,3.46,0.63,2.62,8,0.44,-27.27,666.0,14.43,52.58,30.64,3.04,98.3,12,3.68,62.95,58.29,38.08,29.65,44.47,35.81,37.0,2500,2706,1973,2506,2421.25,733,271.75,2500,2472,156,155,2026-09-19 22:18:21.483951+00:00
US-4835576,Hurst,Texas,TX,,,2025,38974,336307.3,-1.39,-3.35,-2.06,-0.06,5.67,40,1.03,1900.0,1272.0,-0.16,107.0,13.73,3.18,98.28,12,21.33,44.45,63.15,39.88,34.54,40.32,35.92,37.66,2384,2541,2260,2504,2422.25,281,110.2,2384,2473,136,156,2026-09-19 22:18:21.483951+00:00
US-4858820,Port Arthur,Texas,TX,,,2025,55804,126373.74,-0.32,-0.4,-1.09,-0.66,0.07,35,0.63,25.0,873.0,21.25,124.08,-4.43,5.37,93.35,12,16.39,41.86,80.78,41.4,33.69,40.06,34.29,37.36,2272,2570,2286,2572,2425.0,300,146.09,2272,2477,117,157,2026-09-19 22:18:21.483951+00:00
US-4866704,Selma,Texas,TX,,,2025,11955,290315.04,0.17,4.65,-3.02,-3.36,3.91,8,0.67,-46.67,307.0,-15.19,41.75,-1.38,5.03,97.73,12,40.71,16.97,78.94,41.96,39.32,33.38,33.85,37.13,2231,2300,2599,2581,2427.75,368,164.2,2231,2480,108,158,2026-09-19 22:18:21.483951+00:00
US-4802272,Alvin,Texas,TX,,,2025,30115,295689.08,1.62,11.36,0.21,1.25,5.29,285,9.46,1.06,1068.0,-7.61,139.92,29.35,5.08,98.26,12,57.04,24.01,19.76,36.16,41.54,33.28,38.45,37.36,2585,2174,2603,2375,2434.25,429,174.96,2585,2485,182,159,2026-09-19 22:18:21.483951+00:00
US-4863500,Round Rock,Texas,TX,,,2025,141282,414785.04,4.17,17.19,-5.33,-5.13,4.37,845,5.98,-56.38,3862.0,-4.26,504.92,26.33,4.75,97.28,12,53.48,24.38,28.09,36.95,40.94,33.67,37.85,37.35,2563,2209,2590,2401,2440.75,381,152.08,2563,2495,177,160,2026-09-19 22:18:21.483951+00:00
US-4879000,Wichita Falls,Texas,TX,,,2025,101951,174077.58,-0.11,-0.51,-1.05,1.41,6.38,49,0.48,-53.77,3597.0,-3.64,501.33,15.56,5.15,95.36,12,41.5,19.44,68.56,40.54,38.94,33.42,34.28,36.8,2330,2321,2596,2574,2455.25,275,130.02,2330,2513,124,161,2026-09-19 22:18:21.483951+00:00
US-4816432,Conroe,Texas,TX,,,2025,119564,317838.78,4.28,31.16,-0.88,-1.27,4.68,1893,15.83,-21.94,6891.0,-6.85,935.42,7.87,4.94,96.75,12,56.63,18.65,31.68,37.1,41.49,32.0,37.04,36.91,2559,2179,2645,2450,2458.25,466,175.41,2559,2516,173,162,2026-09-19 22:18:21.483951+00:00
US-4820884,Donna,Texas,TX,,,2025,16698,150563.48,-0.96,-0.62,-0.25,4.03,8.43,56,3.35,143.48,154.0,-31.56,44.0,14.04,12.15,96.94,12,60.64,7.37,46.7,38.51,42.57,29.25,35.27,36.4,2473,2123,2736,2525,2464.25,613,220.27,2473,2522,150,163,2026-09-19 22:18:21.483951+00:00
US-4865600,San Marcos,Texas,TX,,,2025,77830,316296.48,2.25,14.12,-4.35,-5.2,3.12,718,9.23,-43.99,2422.0,0.58,448.5,9.7,6.83,96.78,12,48.24,26.03,35.19,37.21,39.62,34.07,36.94,36.96,2551,2283,2573,2457,2466.0,290,114.28,2551,2524,171,164,2026-09-19 22:18:21.483951+00:00
US-4864472,San Angelo,Texas,TX,,,2025,100640,228920.17,0.33,0.58,3.05,3.05,5.51,335,3.33,43.78,3747.0,6.93,419.42,26.05,4.17,89.84,12,36.3,37.47,37.76,37.08,36.87,37.16,36.97,37.02,2560,2426,2432,2455,2468.25,134,54.07,2560,2525,174,165,2026-09-19 22:18:21.483951+00:00
US-4842388,Leon Valley,Texas,TX,,,2025,11563,263784.54,0.62,0.15,-0.22,-0.59,4.64,79,6.83,146.88,347.0,49.57,43.0,43.73,4.77,97.75,12,27.8,53.03,17.41,34.03,33.81,40.12,38.11,36.52,2668,2566,2282,2388,2476.0,386,150.29,2668,2531,196,166,2026-09-19 22:18:21.483951+00:00
US-4814920,Cibolo,Texas,TX,,,2025,39019,335613.92,3.04,18.91,-2.08,-2.8,3.82,428,10.97,-7.96,1668.0,-14.9,231.33,-3.44,5.11,98.01,12,51.79,18.11,41.79,37.5,40.19,31.77,35.64,36.27,2529,2253,2658,2513,2488.25,405,147.0,2529,2540,166,167,2026-09-19 22:18:21.483951+00:00
US-4875428,Victoria,Texas,TX,,,2025,66500,214860.94,0.41,1.49,-1.97,0.35,4.22,185,2.78,330.23,1731.0,4.03,228.08,10.27,4.88,96.47,12,32.17,34.46,52.96,38.17,35.98,36.55,35.28,36.49,2496,2476,2462,2524,2489.5,62,23.3,2496,2541,152,168,2026-09-19 22:18:21.483951+00:00
US-4865036,San Benito,Texas,TX,,,2025,24980,160738.29,-0.04,0.08,2.02,1.83,5.06,81,3.24,-27.03,379.0,18.81,67.92,18.46,7.11,94.8,12,30.07,40.09,43.87,37.02,35.14,37.65,35.96,36.44,2561,2522,2412,2503,2499.5,149,54.67,2561,2546,175,169,2026-09-19 22:18:21.483951+00:00
US-4840588,Lake Jackson,Texas,TX,,,2025,27803,270905.28,-0.86,-1.19,0.09,1.09,3.64,6,0.22,20.0,1030.0,0.59,101.5,1.33,3.8,97.02,12,17.19,35.79,83.88,40.38,32.78,37.43,32.23,35.7,2343,2611,2419,2631,2501.0,288,123.17,2343,2550,127,170,2026-09-19 22:18:21.483951+00:00
US-4865408,Sanger,Texas,TX,,,2025,10238,359890.84,0.77,14.63,-2.33,-1.22,5.49,422,41.22,615.25,458.0,-14.23,75.92,38.87,6.34,98.74,12,60.33,20.59,9.77,33.78,40.82,30.89,37.39,35.72,2681,2221,2697,2430,2507.25,476,196.28,2681,2553,199,171,2026-09-19 22:18:21.483951+00:00
US-4858904,Portland,Texas,TX,,,2025,20833,267808.65,0.36,2.05,0.3,0.44,3.73,104,4.99,-6.31,905.0,0.0,98.92,-9.94,4.2,97.0,12,32.63,32.34,54.84,38.08,35.88,35.8,34.72,36.12,2499,2485,2499,2551,2508.5,66,25.19,2499,2554,155,172,2026-09-19 22:18:21.483951+00:00
US-4841464,Laredo,Texas,TX,,,2025,269515,221023.44,0.29,5.5,2.5,1.09,3.44,1340,4.97,-7.46,3157.0,-4.39,588.58,4.02,6.91,98.47,12,40.9,25.94,48.76,37.63,37.59,33.85,34.95,36.01,2520,2388,2586,2540,2508.5,198,73.57,2520,2555,162,173,2026-09-19 22:18:21.483951+00:00
US-4863284,Rosenberg,Texas,TX,,,2025,42701,317820.1,0.83,10.92,-2.48,-1.08,5.41,419,9.81,34.73,1323.0,-7.29,161.0,44.72,4.48,97.31,12,57.64,21.94,12.03,33.74,40.09,31.16,37.01,35.5,2682,2258,2684,2452,2519.0,426,177.77,2682,2567,200,174,2026-09-19 22:18:21.483951+00:00
US-4813492,Cedar Hill,Texas,TX,,,2025,49801,314848.99,0.26,1.41,-3.75,-2.47,5.2,174,3.49,-29.55,1391.0,-1.7,171.58,20.27,4.53,97.94,12,37.62,31.89,41.06,36.48,36.42,34.99,35.39,35.82,2577,2450,2531,2522,2520.0,127,45.48,2577,2569,179,175,2026-09-19 22:18:21.483951+00:00
US-4861796,Richardson,Texas,TX,,,2025,118542,440471.15,0.48,-0.65,-3.34,0.52,5.97,677,5.71,-14.3,3042.0,1.0,295.25,33.75,3.56,97.68,12,35.7,40.45,24.59,34.58,35.46,36.65,36.73,35.85,2653,2506,2459,2471,2522.25,194,77.44,2653,2571,192,176,2026-09-19 22:18:21.483951+00:00
US-4865000,San Antonio,Texas,TX,,,2025,1548422,251664.39,0.94,7.66,-3.06,-2.77,3.56,5320,3.44,-14.99,34466.0,-2.88,5438.58,11.07,5.79,96.61,12,44.25,21.51,49.05,37.49,38.15,32.46,34.5,35.65,2530,2369,2631,2562,2523.0,262,96.11,2530,2572,167,177,2026-09-19 22:18:21.483951+00:00
US-4805864,Bastrop,Texas,TX,,,2025,13383,359521.15,4.9,36.74,-3.1,-4.72,4.88,372,27.8,-2.11,363.0,-47.84,58.75,-12.2,6.32,97.36,12,57.68,9.84,40.96,36.75,40.82,28.86,34.48,35.23,2569,2222,2745,2564,2525.0,523,189.52,2569,2574,178,178,2026-09-19 22:18:21.483951+00:00
US-4854132,Orange,Texas,TX,,,2025,19419,181026.48,0.67,0.76,2.07,-1.56,-0.42,123,6.33,3.36,771.0,29.8,125.5,10.65,6.28,97.19,12,22.08,47.22,39.8,35.31,32.28,38.56,35.16,35.33,2627,2629,2363,2528,2536.75,266,108.31,2627,2578,188,179,2026-09-19 22:18:21.483951+00:00
US-4829336,Georgetown,Texas,TX,,,2025,106907,435524.71,5.38,55.56,-4.11,-5.0,4.17,1770,16.56,-24.81,6320.0,-6.76,951.67,18.71,5.48,97.57,12,54.17,20.17,22.38,34.32,39.2,30.7,35.69,34.98,2661,2307,2705,2510,2545.75,398,155.66,2661,2586,195,180,2026-09-19 22:18:21.483951+00:00
US-4837000,Irving,Texas,TX,,,2025,257076,341399.92,-0.6,0.07,-3.25,-0.22,5.37,103,0.4,-81.14,3407.0,-1.36,433.25,37.98,4.64,97.55,12,32.58,30.17,55.06,37.36,35.23,34.63,33.75,35.24,2542,2517,2549,2585,2548.25,68,24.32,2542,2588,170,181,2026-09-19 22:18:21.483951+00:00
US-4876672,Watauga,Texas,TX,,,2025,22981,276325.36,-0.49,-2.59,-2.56,-1.44,5.38,67,2.92,-10.67,829.0,-7.68,63.33,-8.43,2.81,98.39,12,21.15,38.0,63.1,37.54,32.5,36.71,32.93,34.92,2526,2623,2455,2611,2553.75,168,68.18,2526,2591,165,182,2026-09-19 22:18:21.483951+00:00
US-4835000,Houston,Texas,TX,,,2025,2397315,266376.1,0.48,4.31,-3.04,-1.0,4.71,11878,4.95,-0.17,59921.0,0.37,9148.5,27.14,5.6,96.86,12,43.39,27.73,30.6,34.71,36.77,32.86,35.07,34.85,2651,2430,2618,2535,2558.5,221,85.38,2651,2596,191,183,2026-09-19 22:18:21.483951+00:00
US-4839952,Kyle,Texas,TX,,,2025,69917,307822.9,6.06,50.58,-7.95,-7.34,3.38,1298,18.56,-26.58,2383.0,-13.6,337.67,6.16,5.19,98.02,12,51.36,18.42,32.6,35.14,38.66,30.43,34.66,34.72,2634,2340,2710,2554,2559.5,370,138.21,2634,2597,189,184,2026-09-19 22:18:21.483951+00:00
US-4821628,Duncanville,Texas,TX,,,2025,38915,275821.55,-1.13,-3.98,-3.45,-1.25,5.6,0,0.0,-100.0,781.0,-4.41,80.67,15.65,3.85,97.97,12,19.24,31.46,81.55,39.1,32.25,35.31,30.97,34.41,2428,2631,2519,2671,2562.25,243,95.46,2428,2598,144,185,2026-09-19 22:18:21.483951+00:00
US-4801240,Addison,Texas,TX,,,2025,17195,507399.9,-0.62,0.61,-2.04,1.04,5.91,34,1.98,-38.18,401.0,-2.43,59.25,38.6,5.54,97.77,12,40.81,26.94,38.84,35.46,36.35,32.89,34.37,34.77,2618,2453,2616,2567,2563.5,165,66.99,2618,2600,186,186,2026-09-19 22:18:21.483951+00:00
US-4850820,New Braunfels,Texas,TX,,,2025,122492,352169.09,5.12,33.67,-3.6,-4.39,3.03,879,7.18,-63.95,4103.0,-5.59,713.08,12.79,6.42,96.85,12,50.74,17.55,35.84,35.4,38.55,30.25,34.31,34.63,2623,2348,2716,2571,2564.5,368,135.36,2623,2602,187,187,2026-09-19 22:18:21.483951+00:00
US-4860836,Raymondville,Texas,TX,,,2025,10082,118070.45,-0.52,-1.07,1.22,-1.36,-2.45,0,0.0,-100.0,59.0,25.53,14.58,30.6,9.75,95.21,12,13.55,41.51,70.75,37.64,30.52,37.51,31.85,34.38,2519,2692,2415,2650,2569.0,277,109.44,2519,2604,161,188,2026-09-19 22:18:21.483951+00:00
US-4816468,Converse,Texas,TX,,,2025,32481,248560.68,2.97,16.59,-3.93,-3.13,3.99,293,9.02,-11.21,1089.0,-33.84,180.0,-2.96,6.03,97.71,12,51.82,11.65,43.7,35.73,38.55,28.51,32.93,33.93,2604,2346,2754,2610,2578.5,408,147.05,2604,2611,183,189,2026-09-19 22:18:21.483951+00:00
US-4836008,Ingleside,Texas,TX,,,2025,10085,215186.3,-0.52,4.84,-1.9,0.27,3.68,17,1.69,13.33,313.0,-1.88,49.67,22.13,6.1,96.31,12,40.14,21.57,50.6,36.25,36.13,31.49,32.83,34.18,2583,2469,2669,2614,2583.75,200,73.06,2583,2615,181,190,2026-09-19 22:18:21.483951+00:00
US-4857176,Pflugerville,Texas,TX,,,2025,68316,378846.83,1.53,4.32,-6.98,-6.25,4.03,920,13.47,7.48,1765.0,-3.66,223.33,11.43,4.64,98.14,12,40.31,29.69,29.98,34.01,35.57,32.92,34.5,34.25,2670,2502,2614,2561,2586.75,168,62.29,2670,2617,197,191,2026-09-19 22:18:21.483951+00:00
US-4807552,Benbrook,Texas,TX,,,2025,24279,319691.76,-1.15,-0.91,-2.12,-0.62,5.61,395,16.27,1419.23,931.0,0.0,97.58,10.06,3.88,98.27,12,30.55,39.68,29.78,33.55,33.17,35.46,34.58,34.19,2689,2594,2512,2556,2587.75,177,65.26,2689,2619,202,192,2026-09-19 22:18:21.483951+00:00
US-4835528,Huntsville,Texas,TX,,,2025,49088,264004.99,0.09,7.05,0.21,-1.32,3.77,166,3.38,-60.1,905.0,-4.03,141.08,16.52,5.72,96.36,12,44.32,19.11,44.53,35.55,36.79,30.49,33.0,33.96,2613,2429,2709,2607,2589.5,280,101.12,2613,2622,185,193,2026-09-19 22:18:21.483951+00:00
US-4848804,Missouri City,Texas,TX,,,2025,77327,338632.04,-0.8,3.9,-2.2,-0.45,5.58,737,9.53,524.58,3415.0,-4.4,451.83,24.82,4.89,96.83,12,49.54,22.14,22.58,33.21,37.27,30.43,34.51,33.86,2699,2404,2711,2559,2593.25,307,124.54,2699,2626,203,194,2026-09-19 22:18:21.483951+00:00
US-4819792,Del Rio,Texas,TX,,,2025,34496,210857.04,-0.16,-0.64,-3.16,0.73,4.0,23,0.67,-20.69,744.0,-15.84,142.75,12.62,7.03,114.44,12,21.2,32.89,68.85,37.21,31.86,34.78,31.23,33.77,2552,2644,2541,2668,2601.25,127,55.54,2552,2634,172,195,2026-09-19 22:18:21.483951+00:00
US-4842016,Leander,Texas,TX,,,2025,91132,440702.47,3.94,49.72,-5.82,-6.26,4.57,1336,14.66,11.99,3717.0,-9.89,549.5,28.46,5.34,97.32,12,55.8,17.05,16.3,32.36,38.25,28.56,34.41,33.4,2729,2366,2753,2566,2603.5,387,154.85,2729,2637,209,196,2026-09-19 22:18:21.483951+00:00
US-4841212,Lancaster,Texas,TX,,,2025,40526,274344.94,-0.84,-1.76,-4.52,-2.0,5.8,23,0.57,-42.5,877.0,-10.96,94.0,8.99,4.05,97.53,12,28.81,22.2,73.01,37.55,33.46,31.8,30.26,33.27,2525,2578,2656,2693,2613.0,168,65.61,2525,2645,164,197,2026-09-19 22:18:21.483951+00:00
US-4843240,Lockhart,Texas,TX,,,2025,18159,284161.53,4.63,26.33,-6.68,-5.26,4.57,154,8.48,-40.54,649.0,-38.66,84.58,10.93,4.88,95.23,12,55.9,7.63,35.38,33.88,38.34,26.28,32.13,32.66,2678,2363,2794,2640,2618.75,431,158.18,2678,2647,198,198,2026-09-19 22:18:21.483951+00:00
US-4821556,Dumas,Texas,TX,,,2025,14862,189025.77,0.92,3.02,10.06,3.02,4.06,19,1.28,-26.92,443.0,-3.49,43.08,37.14,3.77,,12,37.35,23.61,45.25,34.52,34.41,30.98,31.96,32.97,2658,2551,2693,2645,2636.75,142,52.53,2658,2661,193,199,2026-09-19 22:18:21.483951+00:00
US-4842664,Liberty Hill,Texas,TX,,,2025,13317,506297.29,11.7,261.88,-4.31,-4.83,4.98,107,8.03,-80.58,233.0,-43.17,60.83,30.82,9.62,97.33,12,58.3,8.7,21.09,31.63,37.83,25.43,32.25,31.79,2749,2379,2807,2628,2640.75,428,164.34,2749,2668,211,200,2026-09-19 22:18:21.483951+00:00
US-4858280,Pleasanton,Texas,TX,,,2025,11511,258187.24,1.03,7.85,0.41,-0.88,3.22,143,12.42,180.39,243.0,5.19,62.67,79.9,9.58,95.98,12,43.65,31.01,7.28,30.13,34.4,31.24,34.33,32.53,2787,2552,2682,2569,2647.5,235,94.78,2787,2675,219,201,2026-09-19 22:18:21.483951+00:00
US-4829000,Garland,Texas,TX,,,2025,249625,288892.89,-0.56,1.32,-6.29,-1.89,5.19,159,0.64,-70.77,5238.0,-8.97,652.5,36.94,4.59,97.3,12,37.07,19.92,52.72,34.98,34.28,29.99,30.92,32.54,2642,2556,2720,2675,2648.25,164,60.03,2642,2678,190,202,2026-09-19 22:18:21.483951+00:00
US-4810156,Brenham,Texas,TX,,,2025,19957,331958.14,1.98,14.99,-1.49,-0.72,4.34,197,9.87,77.48,703.0,-7.26,122.42,25.66,6.59,96.19,12,52.63,13.48,21.42,31.13,36.21,26.42,31.89,31.41,2765,2465,2790,2648,2667.0,325,128.35,2765,2690,214,203,2026-09-19 22:18:21.483951+00:00
US-4848072,Midland,Texas,TX,,,2025,147615,327843.48,2.37,10.78,3.84,3.96,2.62,1317,8.92,-12.43,465.0,-56.78,531.58,21.04,197.68,99.54,12,43.39,22.21,26.16,31.67,34.45,29.16,32.14,31.86,2747,2549,2739,2638,2668.25,198,81.15,2747,2693,210,204,2026-09-19 22:18:21.483951+00:00
US-4835624,Hutto,Texas,TX,,,2025,46048,347044.75,7.88,63.92,-5.46,-6.02,4.56,582,12.64,-42.38,1993.0,-23.08,279.08,59.17,5.27,98.13,12,55.75,15.34,7.14,29.45,36.33,26.23,32.7,31.18,2804,2457,2795,2617,2668.25,347,142.96,2804,2694,225,205,2026-09-19 22:18:21.483951+00:00
US-4819900,Denison,Texas,TX,,,2025,26822,233943.58,0.93,9.2,-4.92,-1.73,4.64,123,4.59,-61.08,1220.0,-16.72,272.75,20.11,8.25,96.73,12,50.65,8.84,36.88,32.58,36.04,25.59,30.46,31.17,2719,2472,2804,2688,2670.75,332,122.35,2719,2697,206,206,2026-09-19 22:18:21.483951+00:00
US-4840984,Lakeway,Texas,TX,,,2025,19027,739877.56,-0.94,-1.2,-4.77,-5.52,4.02,54,2.84,-1.82,1330.0,7.17,240.83,9.59,6.65,96.36,12,18.76,35.07,53.15,33.07,28.81,32.89,29.54,31.08,2702,2722,2615,2711,2687.5,107,42.45,2702,2710,204,207,2026-09-19 22:18:21.483951+00:00
US-4819000,Dallas,Texas,TX,,,2025,1329491,310576.25,-0.14,1.99,-4.1,-1.55,4.73,6993,5.26,15.82,30153.0,-2.49,4320.92,24.55,5.24,97.05,12,37.01,24.76,31.24,31.28,32.47,29.41,30.92,31.02,2761,2625,2733,2676,2698.75,136,52.45,2761,2722,212,208,2026-09-19 22:18:21.483951+00:00
US-4846776,Marshall,Texas,TX,,,2025,24467,163904.97,0.51,4.87,0.04,0.72,1.52,22,0.9,-45.0,499.0,-18.99,77.0,-7.97,5.88,95.29,12,35.71,5.29,78.27,35.7,32.97,25.36,26.28,30.08,2606,2604,2810,2778,2699.5,206,95.18,2606,2726,184,209,2026-09-19 22:18:21.483951+00:00
US-4845072,Lufkin,Texas,TX,,,2025,34350,209766.78,0.01,0.67,0.84,1.49,4.84,103,3.0,33.77,372.0,6.29,105.5,73.66,10.56,95.63,12,31.2,32.06,27.57,30.6,30.92,31.13,31.23,30.97,2777,2673,2685,2669,2701.0,108,44.27,2777,2728,217,210,2026-09-19 22:18:21.483951+00:00
US-4874408,Universal City,Texas,TX,,,2025,20399,267180.3,0.18,3.28,-4.19,-2.25,4.02,16,0.78,-5.88,535.0,-6.47,90.5,39.05,6.71,96.82,12,37.71,15.92,49.42,33.01,32.93,27.48,29.07,30.62,2705,2606,2778,2716,2701.25,172,61.63,2705,2730,205,211,2026-09-19 22:18:21.483951+00:00
US-4801852,Alice,Texas,TX,,,2025,17550,145632.89,-0.36,-1.71,-5.05,-4.17,-4.66,2,0.11,-33.33,239.0,2.58,39.33,-14.34,6.17,94.31,12,10.46,24.96,93.64,36.33,27.29,30.91,25.3,29.96,2580,2756,2696,2795,2706.75,215,81.23,2580,2733,180,212,2026-09-19 22:18:21.483951+00:00
US-4871540,Sweetwater,Texas,TX,,,2025,10141,119895.8,-0.24,-4.39,-4.53,-6.46,-3.77,6,0.59,-62.5,273.0,14.71,50.42,-13.94,7.1,89.36,12,0.24,36.78,85.56,34.36,24.0,33.14,25.22,29.18,2660,2819,2607,2796,2720.5,212,89.37,2660,2743,194,213,2026-09-19 22:18:21.483951+00:00
US-4831928,Haltom City,Texas,TX,,,2025,45542,245975.19,-0.5,-0.98,-5.83,-1.46,5.27,57,1.25,-63.46,862.0,-24.58,92.75,7.12,4.01,97.59,12,27.02,17.68,66.88,33.72,30.2,27.86,26.8,29.65,2684,2696,2770,2764,2728.5,86,38.79,2684,2748,201,214,2026-09-19 22:18:21.483951+00:00
US-4839040,Kerrville,Texas,TX,,,2025,25578,358978.59,1.41,5.17,-2.94,-1.81,4.38,177,6.92,-55.86,907.0,-5.62,188.67,24.53,7.58,96.09,12,43.79,14.51,27.17,29.39,32.51,25.19,28.95,29.01,2806,2622,2813,2718,2739.75,191,77.61,2806,2763,226,215,2026-09-19 22:18:21.483951+00:00
US-4805000,Austin,Texas,TX,,,2025,1002632,512707.05,0.4,4.21,-6.39,-6.15,2.42,8893,8.87,-5.83,26666.0,-1.21,4501.17,13.93,6.13,96.69,12,34.06,23.6,31.95,29.87,30.61,27.99,29.14,29.4,2795,2686,2766,2714,2740.25,109,42.7,2795,2764,220,216,2026-09-19 22:18:21.483951+00:00
US-4855080,Paris,Texas,TX,,,2025,25205,174627.26,0.47,2.87,0.87,-1.33,4.65,41,1.63,-59.41,627.0,-7.79,125.83,26.04,7.58,92.95,12,39.62,8.81,48.37,31.02,31.69,23.99,26.63,28.33,2768,2653,2826,2766,2753.25,173,62.7,2768,2775,215,217,2026-09-19 22:18:21.483951+00:00
US-4850256,Nacogdoches,Texas,TX,,,2025,32500,213824.14,-0.12,1.41,0.93,1.55,4.59,31,0.95,-11.43,690.0,-13.32,85.42,13.38,5.13,90.53,12,33.41,8.72,64.25,32.48,30.63,24.46,25.38,28.24,2723,2685,2819,2792,2754.75,134,53.36,2723,2778,208,218,2026-09-19 22:18:21.483951+00:00
US-4828068,Galveston,Texas,TX,,,2025,53636,323776.0,0.06,-0.04,-8.62,-4.87,4.13,254,4.74,-8.96,3178.0,5.23,1095.83,14.41,13.04,94.07,12,24.58,27.92,40.91,29.83,28.03,28.87,27.72,28.61,2796,2743,2744,2750,2758.25,53,21.96,2796,2782,221,219,2026-09-19 22:18:21.483951+00:00
US-4817000,Corpus Christi,Texas,TX,,,2025,317247,222383.78,0.03,-0.32,-2.23,-1.06,2.32,1384,4.36,7.2,10257.0,8.21,1684.83,19.94,6.03,96.37,12,16.83,36.86,37.89,29.11,26.0,31.01,27.95,28.52,2812,2793,2690,2747,2760.5,122,47.07,2812,2783,228,220,2026-09-19 22:18:21.483951+00:00
US-4806128,Baytown,Texas,TX,,,2025,86561,247834.36,0.86,1.38,-0.05,-0.3,4.63,233,2.69,-52.35,2030.0,-10.69,310.92,19.81,5.63,96.66,12,33.6,13.66,45.6,29.62,29.42,24.43,25.83,27.32,2799,2711,2820,2785,2778.75,109,41.05,2799,2799,222,221,2026-09-19 22:18:21.483951+00:00
US-4878544,White Settlement,Texas,TX,,,2025,17932,221602.23,-1.06,-1.84,-6.03,-1.76,5.13,26,1.45,8.33,525.0,-12.5,56.58,11.68,4.35,97.43,12,21.86,19.4,60.87,30.75,26.97,26.36,24.65,27.18,2774,2770,2792,2804,2785.0,34,13.75,2774,2804,216,222,2026-09-19 22:18:21.483951+00:00
US-4854912,Pampa,Texas,TX,,,2025,16414,107799.91,-0.1,-2.68,-1.82,1.88,2.51,8,0.49,166.67,605.0,10.4,102.5,29.34,6.29,93.25,12,6.9,34.7,58.5,29.53,22.98,29.93,24.57,26.75,2801,2834,2722,2807,2791.0,112,41.73,2801,2808,223,223,2026-09-19 22:18:21.483951+00:00
US-4842448,Levelland,Texas,TX,,,2025,12513,147159.47,0.22,-0.82,-1.45,-0.86,0.59,5,0.4,0.0,308.0,-14.44,32.25,-23.37,3.88,,12,14.63,13.25,88.02,32.49,25.22,24.88,21.35,25.99,2722,2804,2816,2839,2795.25,117,44.12,2722,2815,207,224,2026-09-19 22:18:21.483951+00:00
US-4856000,Pasadena,Texas,TX,,,2025,148539,220819.73,-0.49,-1.89,-4.3,-1.07,4.06,87,0.59,85.11,2284.0,-3.95,273.17,32.61,4.38,97.25,12,15.99,26.29,55.54,29.48,25.01,27.58,24.58,26.66,2803,2809,2776,2806,2798.5,33,13.16,2803,2818,224,225,2026-09-19 22:18:21.483951+00:00
US-4849800,Mount Pleasant,Texas,TX,,,2025,16225,224667.93,-0.16,0.69,-3.41,-0.55,4.72,253,15.59,622.86,264.0,-5.38,74.67,43.82,11.02,98.99,12,30.81,28.12,8.38,24.26,26.64,25.97,27.36,26.06,2867,2777,2800,2754,2799.5,113,42.23,2867,2821,237,226,2026-09-19 22:18:21.483951+00:00
US-4876948,Webster,Texas,TX,,,2025,12507,335976.54,0.1,0.46,-6.44,-4.77,2.28,6,0.48,-86.67,289.0,-10.8,48.0,7.26,6.27,96.38,12,20.5,11.62,75.69,31.19,26.11,23.9,22.02,25.81,2762,2790,2828,2833,2803.25,71,29.05,2762,2826,213,227,2026-09-19 22:18:21.483951+00:00
US-4815652,Clute,Texas,TX,,,2025,10821,199875.79,-0.42,1.71,-1.81,-0.87,1.47,29,2.68,38.1,252.0,-20.25,33.08,-13.7,5.27,95.99,12,26.54,7.73,67.35,30.16,27.02,22.32,22.16,25.41,2784,2767,2844,2831,2806.5,77,31.91,2784,2828,218,228,2026-09-19 22:18:21.483951+00:00
US-4807000,Beaumont,Texas,TX,,,2025,112967,170432.22,-0.05,-1.59,0.27,-1.48,0.71,157,1.39,-20.3,3000.0,-1.41,418.08,5.82,5.13,95.57,12,11.14,23.24,66.49,29.21,23.07,26.09,22.12,25.12,2810,2832,2798,2832,2818.0,34,14.63,2810,2832,227,229,2026-09-19 22:18:21.483951+00:00
US-4807408,Bellmead,Texas,TX,,,2025,10592,154061.4,0.34,0.91,-8.87,-4.01,4.04,22,2.08,4.76,167.0,-16.08,24.67,4.96,5.83,94.58,12,28.69,5.99,61.78,29.02,26.84,21.17,21.79,24.7,2816,2773,2854,2834,2819.25,81,29.89,2816,2833,229,230,2026-09-19 22:18:21.483951+00:00
US-4810780,Brownwood,Texas,TX,,,2025,18635,171031.8,-0.71,-0.91,-2.99,-0.16,3.81,90,4.83,328.57,633.0,2.43,91.92,34.02,5.36,96.27,12,19.28,29.95,27.21,24.99,23.67,26.34,24.87,24.97,2858,2826,2793,2802,2819.75,65,25.16,2858,2834,236,231,2026-09-19 22:18:21.483951+00:00
US-4853388,Odessa,Texas,TX,,,2025,122707,246809.81,2.1,6.77,4.08,4.61,1.96,921,7.51,-8.27,1779.0,-61.97,338.83,8.86,256.78,87.3,12,39.21,1.62,38.85,25.96,27.88,18.48,22.26,23.65,2852,2745,2870,2829,2824.0,125,47.87,2852,2839,234,232,2026-09-19 22:18:21.483951+00:00
US-4805984,Bay City,Texas,TX,,,2025,17488,202522.33,0.48,-3.14,1.98,0.92,3.37,167,9.55,288.37,483.0,14.45,66.17,41.03,5.13,94.51,12,8.54,40.06,13.85,20.9,18.79,26.67,23.25,22.4,2892,2864,2788,2817,2840.25,104,40.35,2892,2843,242,233,2026-09-19 22:18:21.483951+00:00
US-4874588,Uvalde,Texas,TX,,,2025,15455,185733.75,-0.06,1.55,-3.36,-0.96,1.91,11,0.71,-35.29,198.0,-33.33,48.5,21.0,9.38,95.33,12,25.8,3.67,61.17,26.9,24.47,18.93,19.38,22.42,2841,2815,2867,2853,2844.0,52,19.1,2841,2848,231,234,2026-09-19 22:18:21.483951+00:00
US-4835348,Humble,Texas,TX,,,2025,16484,257241.79,-0.16,-1.46,-2.61,-1.26,5.12,38,2.31,100.0,199.0,-10.76,38.33,40.67,7.34,97.23,12,23.51,13.38,35.48,22.96,22.27,19.73,20.15,21.28,2879,2842,2863,2846,2857.5,37,14.71,2879,2862,239,235,2026-09-19 22:18:21.483951+00:00
US-4808236,Big Spring,Texas,TX,,,2025,22290,142867.0,-0.24,-15.21,-3.25,-4.29,-4.57,0,0.0,-100.0,24.0,-4.0,101.67,3.74,216.25,90.19,12,0.24,13.31,91.38,27.6,17.83,21.1,15.24,20.44,2831,2870,2855,2876,2858.0,45,17.36,2831,2863,230,236,2026-09-19 22:18:21.483951+00:00
US-4869020,South Houston,Texas,TX,,,2025,16407,193923.54,1.53,1.48,-4.49,-2.24,4.47,85,5.18,-24.11,91.0,-44.17,24.42,41.55,10.97,96.25,12,33.27,5.29,22.3,20.73,23.23,16.23,19.58,19.94,2894,2831,2887,2851,2865.75,63,25.86,2894,2869,243,237,2026-09-19 22:18:21.483951+00:00
US-4868624,Snyder,Texas,TX,,,2025,11166,143289.43,0.17,-2.05,-0.1,0.81,1.35,1,0.09,-96.88,29.0,-30.95,37.25,0.22,56.06,94.08,12,9.48,1.62,87.86,26.32,18.88,16.92,13.78,18.98,2847,2863,2883,2885,2869.5,38,15.58,2847,2872,232,238,2026-09-19 22:18:21.483951+00:00
US-4827996,Galena Park,Texas,TX,,,2025,10352,157072.35,-0.72,-3.13,-10.64,-4.67,1.98,0,0.0,,137.0,-15.95,24.0,5.11,6.7,93.75,12,5.03,4.82,90.42,26.3,17.77,17.72,13.47,18.82,2848,2872,2875,2886,2870.25,38,13.86,2848,2873,233,239,2026-09-19 22:18:21.483951+00:00
US-4827420,Freeport,Texas,TX,,,2025,10508,159153.66,-0.86,-1.73,4.89,0.01,1.5,3,0.29,-50.0,240.0,-17.81,53.75,6.09,8.38,94.86,12,10.38,3.22,79.55,25.17,18.61,16.82,14.07,18.67,2855,2867,2884,2882,2872.0,29,11.81,2855,2875,235,240,2026-09-19 22:18:21.483951+00:00
US-4839352,Kingsville,Texas,TX,,,2025,24687,150649.92,-0.14,-2.35,1.36,0.65,1.83,18,0.73,63.64,439.0,-14.92,69.83,8.27,5.93,94.89,12,8.14,7.81,71.57,23.88,17.56,17.48,14.34,18.31,2873,2873,2877,2880,2875.75,7,2.95,2873,2878,238,241,2026-09-19 22:18:21.483951+00:00
US-4803216,Andrews,Texas,TX,,,2025,13665,254594.12,0.74,1.11,5.46,2.37,2.25,93,6.81,29.17,185.0,-62.17,39.92,5.97,34.31,94.29,12,23.79,1.62,42.3,20.66,19.91,14.37,15.66,17.65,2895,2857,2896,2873,2880.25,39,16.27,2895,2880,244,242,2026-09-19 22:18:21.483951+00:00
US-4809556,Borger,Texas,TX,,,2025,11842,107537.6,-1.02,-5.48,-2.22,-0.49,1.5,2,0.17,,374.0,-1.58,63.33,30.14,6.88,,12,0.24,17.2,63.55,22.0,14.83,19.07,14.2,17.53,2886,2892,2866,2881,2881.25,26,9.63,2886,2882,241,243,2026-09-19 22:18:21.483951+00:00
US-4858916,Port Lavaca,Texas,TX,,,2025,11060,186640.62,-1.46,-3.98,-4.29,-1.54,1.57,18,1.63,125.0,226.0,-10.32,32.17,-9.18,5.84,95.4,12,2.96,10.82,71.88,22.94,15.66,17.62,13.39,17.4,2880,2887,2876,2887,2882.5,11,4.72,2880,2884,240,244,2026-09-19 22:18:21.483951+00:00
US-4805372,Balch Springs,Texas,TX,,,2025,27258,225936.18,-0.3,-1.33,-6.87,-2.92,4.57,220,8.07,228.36,354.0,-30.31,51.58,16.14,5.43,96.12,12,20.36,7.47,31.5,18.63,18.16,14.94,15.67,16.85,2899,2869,2894,2872,2883.5,30,13.16,2899,2886,246,245,2026-09-19 22:18:21.483951+00:00
US-4872368,Texarkana,Texas,TX,,,2025,36195,202769.23,0.04,-0.05,-0.34,-0.69,3.41,235,6.49,115.6,860.0,-16.1,162.42,14.85,6.96,94.68,12,21.82,4.47,35.52,19.17,18.67,14.33,15.38,16.89,2898,2866,2897,2875,2884.0,32,13.87,2898,2889,245,246,2026-09-19 22:18:21.483951+00:00
US-4822864,El Campo,Texas,TX,,,2025,12142,225230.72,-0.21,-1.52,-2.24,-1.16,2.02,10,0.82,-79.17,241.0,-9.06,59.58,72.71,9.78,93.8,12,11.43,7.72,44.15,18.31,15.22,14.3,13.03,15.22,2901,2889,2898,2889,2894.25,12,5.36,2901,2898,247,247,2026-09-19 22:18:21.483951+00:00
US-4807192,Beeville,Texas,TX,,,2025,13086,163831.82,-0.81,-4.2,-5.97,-6.32,-2.61,14,1.07,0.0,233.0,-13.38,67.83,15.95,10.74,94.19,12,0.24,5.19,60.86,17.13,10.82,12.05,8.53,12.13,2904,2904,2902,2903,2903.25,2,0.83,2904,2903,248,248,2026-09-19 22:18:21.483951+00:00
